frame,timestamp,idx,x,y,z,velocity,range
287,1770809652.2458894,0,0.2863132655620575,0.10627498477697372,0.0,0.0,0.305400816020775
287,1770809652.2458894,1,-0.3953849971294403,0.1844368875026703,0.0,0.0,0.436286902653197
287,1770809652.2458894,2,-1.1288923025131226,1.0920116901397705,0.0,0.0,1.570632790334933
287,1770809652.2458894,3,-1.1561602354049683,2.002528190612793,0.0,0.0,2.31232040256765
287,1770809652.2458894,4,-1.259778380393982,3.441480875015259,0.0,0.0,3.664809978812527
287,1770809652.2458894,5,-1.589720368385315,4.34282112121582,0.0,0.0,4.624641190464118
287,1770809652.2458894,6,-1.4111154079437256,4.8147735595703125,0.0,0.0,5.017299186262821
287,1770809652.2458894,7,3.2885124683380127,4.8336591720581055,0.0,0.0,5.84624454210017
287,1770809652.2458894,8,3.3607723712921143,5.359618186950684,0.0,0.0,6.326159817893708
287,1770809652.2458894,9,3.762974262237549,7.0910964012146,0.0,0.0,8.027678585343391
287,1770809652.2458894,10,0.8384888768196106,5.300416946411133,0.0,-0.36519771814346313,5.3663286707350055
287,1770809652.2458894,11,0.34357592463493347,5.486467361450195,0.0,-0.36519771814346313,5.497214615079805
287,1770809652.2458894,12,4.499208450317383,4.752371311187744,0.0,-0.2434651404619217,6.544303611447719
287,1770809652.2458894,13,1.4315663576126099,6.385806560516357,0.0,-0.2434651404619217,6.54430345144401
287,1770809652.2458894,14,4.351961612701416,5.0038018226623535,0.0,-0.2434651404619217,6.631561095164984
1,1770809652.577067,0,0.2863132655620575,0.10627498477697372,0.0,0.0,0.305400816020775
1,1770809652.577067,1,-0.3953849971294403,0.1844368875026703,0.0,0.0,0.436286902653197
1,1770809652.577067,2,-1.1288923025131226,1.0920116901397705,0.0,0.0,1.570632790334933
1,1770809652.577067,3,-1.1561602354049683,2.002528190612793,0.0,0.0,2.31232040256765
1,1770809652.577067,4,-1.259778380393982,3.441480875015259,0.0,0.0,3.664809978812527
1,1770809652.577067,5,-1.589720368385315,4.34282112121582,0.0,0.0,4.624641190464118
1,1770809652.577067,6,-1.4111154079437256,4.8147735595703125,0.0,0.0,5.017299186262821
1,1770809652.577067,7,3.471207618713379,4.7041778564453125,0.0,0.0,5.846244233461704
1,1770809652.577067,8,3.3607723712921143,5.359618186950684,0.0,0.0,6.326159817893708
1,1770809652.577067,9,3.762974262237549,7.0910964012146,0.0,0.0,8.027678585343391
1,1770809652.577067,10,0.6435231566429138,5.10780668258667,0.0,-0.7303954362869263,5.148185229749674
1,1770809652.577067,11,0.8248549103736877,5.214231491088867,0.0,-0.7303954362869263,5.2790714776208905
1,1770809652.577067,12,4.237436294555664,4.872122287750244,0.0,-0.36519771814346313,6.45704591413212
2,1770809652.6448727,0,0.2863132655620575,0.10627498477697372,0.0,0.0,0.305400816020775
2,1770809652.6448727,1,-0.3953849971294403,0.1844368875026703,0.0,0.0,0.436286902653197
2,1770809652.6448727,2,-1.1288923025131226,1.0920116901397705,0.0,0.0,1.570632790334933
2,1770809652.6448727,3,-1.1561602354049683,2.002528190612793,0.0,0.0,2.31232040256765
2,1770809652.6448727,4,-1.259778380393982,3.441480875015259,0.0,0.0,3.664809978812527
2,1770809652.6448727,5,-1.589720368385315,4.34282112121582,0.0,0.0,4.624641190464118
2,1770809652.6448727,6,-1.4111154079437256,4.8147735595703125,0.0,0.0,5.017299186262821
2,1770809652.6448727,7,3.471207618713379,4.7041778564453125,0.0,0.0,5.846244233461704
2,1770809652.6448727,8,3.3607723712921143,5.359618186950684,0.0,0.0,6.326159817893708
2,1770809652.6448727,9,3.762974262237549,7.0910964012146,0.0,0.0,8.027678585343391
2,1770809652.6448727,10,0.6380695700645447,5.064520359039307,0.0,-0.8521279692649841,5.104556713698652
2,1770809652.6448727,11,0.6326159834861755,5.021233558654785,0.0,-0.7303954362869263,5.060927724550429
2,1770809652.6448727,12,0.3244883716106415,5.181663513183594,0.0,-0.7303954362869263,5.191813697270797
3,1770809652.7542038,0,0.2863132655620575,0.10627498477697372,0.0,0.0,0.305400816020775
3,1770809652.7542038,1,-0.3953849971294403,0.1844368875026703,0.0,0.0,0.436286902653197
3,1770809652.7542038,2,-1.1288923025131226,1.0920116901397705,0.0,0.0,1.570632790334933
3,1770809652.7542038,3,-1.1561602354049683,2.002528190612793,0.0,0.0,2.31232040256765
3,1770809652.7542038,4,-1.259778380393982,3.441480875015259,0.0,0.0,3.664809978812527
3,1770809652.7542038,5,-1.589720368385315,4.34282112121582,0.0,0.0,4.624641190464118
3,1770809652.7542038,6,-1.4111154079437256,4.8147735595703125,0.0,0.0,5.017299186262821
3,1770809652.7542038,7,3.471207618713379,4.7041778564453125,0.0,0.0,5.846244233461704
3,1770809652.7542038,8,3.3607723712921143,5.359618186950684,0.0,0.0,6.326159817893708
3,1770809652.7542038,9,3.762974262237549,7.0910964012146,0.0,0.0,8.027678585343391
3,1770809652.7542038,10,-1.6497098207473755,5.014683723449707,0.0,-0.8521279692649841,5.279071446656292
3,1770809652.7542038,11,0.3299419581890106,5.2687506675720215,0.0,-0.8521279692649841,5.279071442291174
4,1770809652.839265,0,0.2863132655620575,0.10627498477697372,0.0,0.0,0.305400816020775
4,1770809652.839265,1,-0.3953849971294403,0.1844368875026703,0.0,0.0,0.436286902653197
4,1770809652.839265,2,-1.1288923025131226,1.0920116901397705,0.0,0.0,1.570632790334933
4,1770809652.839265,3,-1.1561602354049683,2.002528190612793,0.0,0.0,2.31232040256765
4,1770809652.839265,4,-1.259778380393982,3.441480875015259,0.0,0.0,3.664809978812527
4,1770809652.839265,5,-1.589720368385315,4.34282112121582,0.0,0.0,4.624641190464118
4,1770809652.839265,6,-1.4111154079437256,4.8147735595703125,0.0,0.0,5.017299186262821
4,1770809652.839265,7,3.471207618713379,4.7041778564453125,0.0,0.0,5.846244233461704
4,1770809652.839265,8,3.3607723712921143,5.359618186950684,0.0,0.0,6.326159817893708
4,1770809652.839265,9,3.762974262237549,7.0910964012146,0.0,0.0,8.027678585343391
4,1770809652.839265,10,0.3244883716106415,5.181663513183594,0.0,-0.8521279692649841,5.191813697270797
4,1770809652.839265,11,-1.6224418878555298,4.931796073913574,0.0,-0.8521279692649841,5.19181376728187
13,1770809652.878507,0,0.2863132655620575,0.10627498477697372,0.0,0.0,0.305400816020775
13,1770809652.878507,1,-0.3953849971294403,0.1844368875026703,0.0,0.0,0.436286902653197
13,1770809652.878507,2,-1.1288923025131226,1.0920116901397705,0.0,0.0,1.570632790334933
13,1770809652.878507,3,-1.1561602354049683,2.002528190612793,0.0,0.0,2.31232040256765
13,1770809652.878507,4,-1.259778380393982,3.441480875015259,0.0,0.0,3.664809978812527
13,1770809652.878507,5,-1.589720368385315,4.34282112121582,0.0,0.0,4.624641190464118
13,1770809652.878507,6,-1.4111154079437256,4.8147735595703125,0.0,0.0,5.017299186262821
13,1770809652.878507,7,3.471207618713379,4.7041778564453125,0.0,0.0,5.846244233461704
13,1770809652.878507,8,3.3607723712921143,5.359618186950684,0.0,0.0,6.326159817893708
13,1770809652.878507,9,3.762974262237549,7.0910964012146,0.0,0.0,8.027678585343391
13,1770809652.878507,10,0.1390664428472519,4.447952747344971,0.0,-0.8521279692649841,4.450126191260183
14,1770809652.9757903,0,0.2863132655620575,0.10627498477697372,0.0,0.0,0.305400816020775
14,1770809652.9757903,1,-0.3953849971294403,0.1844368875026703,0.0,0.0,0.436286902653197
14,1770809652.9757903,2,-1.1288923025131226,1.0920116901397705,0.0,0.0,1.570632790334933
14,1770809652.9757903,3,-1.1561602354049683,2.002528190612793,0.0,0.0,2.31232040256765
14,1770809652.9757903,4,-1.259778380393982,3.441480875015259,0.0,0.0,3.664809978812527
14,1770809652.9757903,5,-1.589720368385315,4.34282112121582,0.0,0.0,4.624641190464118
14,1770809652.9757903,6,-1.4111154079437256,4.8147735595703125,0.0,0.0,5.017299186262821
14,1770809652.9757903,7,3.471207618713379,4.7041778564453125,0.0,0.0,5.846244233461704
14,1770809652.9757903,8,3.3607723712921143,5.359618186950684,0.0,0.0,6.326159817893708
14,1770809652.9757903,9,3.762974262237549,7.0910964012146,0.0,0.0,8.027678585343391
14,1770809652.9757903,10,0.2672257125377655,4.267252445220947,0.0,-0.7303954362869263,4.275611419748697
14,1770809652.9757903,11,-0.13633964955806732,4.3607378005981445,0.0,-0.7303954362869263,4.362868628048197
14,1770809652.9757903,12,0.0,4.537383556365967,0.0,-0.7303954362869263,4.537383556365967
14,1770809652.9757903,13,-1.985105276107788,4.080098628997803,0.0,-0.7303954362869263,4.537383362642034
14,1770809652.9757903,14,-2.5031960010528564,3.9919915199279785,0.0,-0.7303954362869263,4.711898398189832
14,1770809652.9757903,15,-4.5646514892578125,1.1687359809875488,0.0,-0.7303954362869263,4.711898450904741
15,1770809653.0786917,0,0.2863132655620575,0.10627498477697372,0.0,0.0,0.305400816020775
15,1770809653.0786917,1,-0.3953849971294403,0.1844368875026703,0.0,0.0,0.436286902653197
15,1770809653.0786917,2,-1.1288923025131226,1.0920116901397705,0.0,0.0,1.570632790334933
15,1770809653.0786917,3,-1.1561602354049683,2.002528190612793,0.0,0.0,2.31232040256765
15,1770809653.0786917,4,-1.259778380393982,3.441480875015259,0.0,0.0,3.664809978812527
15,1770809653.0786917,5,-1.589720368385315,4.34282112121582,0.0,0.0,4.624641190464118
15,1770809653.0786917,6,-1.4111154079437256,4.8147735595703125,0.0,0.0,5.017299186262821
15,1770809653.0786917,7,3.471207618713379,4.7041778564453125,0.0,0.0,5.846244233461704
15,1770809653.0786917,8,3.3607723712921143,5.359618186950684,0.0,0.0,6.326159817893708
15,1770809653.0786917,9,3.762974262237549,7.0910964012146,0.0,0.0,8.027678585343391
15,1770809653.0786917,10,-0.2781328856945038,4.441425800323486,0.0,-0.7303954362869263,4.450125957979602
15,1770809653.0786917,11,0.13497625291347504,4.3171305656433105,0.0,-0.6086628437042236,4.31924008474434
15,1770809653.0786917,12,-0.13497625291347504,4.3171305656433105,0.0,-0.6086628437042236,4.31924008474434
16,1770809653.1758523,0,0.2863132655620575,0.10627498477697372,0.0,0.0,0.305400816020775
16,1770809653.1758523,1,-0.3953849971294403,0.1844368875026703,0.0,0.0,0.436286902653197
16,1770809653.1758523,2,-1.1288923025131226,1.0920116901397705,0.0,0.0,1.570632790334933
16,1770809653.1758523,3,-1.1561602354049683,2.002528190612793,0.0,0.0,2.31232040256765
16,1770809653.1758523,4,-1.259778380393982,3.441480875015259,0.0,0.0,3.664809978812527
16,1770809653.1758523,5,-1.589720368385315,4.34282112121582,0.0,0.0,4.624641190464118
16,1770809653.1758523,6,-1.4111154079437256,4.8147735595703125,0.0,0.0,5.017299186262821
16,1770809653.1758523,7,3.2885124683380127,4.8336591720581055,0.0,0.0,5.84624454210017
16,1770809653.1758523,8,3.3607723712921143,5.359618186950684,0.0,0.0,6.326159817893708
16,1770809653.1758523,9,3.762974262237549,7.0910964012146,0.0,0.0,8.027678585343391
17,1770809653.277727,0,0.2863132655620575,0.10627498477697372,0.0,0.0,0.305400816020775
17,1770809653.277727,1,-0.3953849971294403,0.1844368875026703,0.0,0.0,0.436286902653197
17,1770809653.277727,2,-1.1288923025131226,1.0920116901397705,0.0,0.0,1.570632790334933
17,1770809653.277727,3,-1.1561602354049683,2.002528190612793,0.0,0.0,2.31232040256765
17,1770809653.277727,4,-1.259778380393982,3.441480875015259,0.0,0.0,3.664809978812527
17,1770809653.277727,5,-1.7342402935028076,4.28715705871582,0.0,0.0,4.624641071662274
17,1770809653.277727,6,-1.4111154079437256,4.8147735595703125,0.0,0.0,5.017299186262821
17,1770809653.277727,7,3.471207618713379,4.7041778564453125,0.0,0.0,5.846244233461704
17,1770809653.277727,8,3.3607723712921143,5.359618186950684,0.0,0.0,6.326159817893708
17,1770809653.277727,9,3.762974262237549,7.0910964012146,0.0,0.0,8.027678585343391
17,1770809653.277727,10,-0.13088606297969818,4.18630838394165,0.0,-0.6086628437042236,4.188353978228497
17,1770809653.277727,11,0.13361285626888275,4.273523330688477,0.0,-0.4869302809238434,4.275611541440482
17,1770809653.277727,12,7.396426200866699,1.8937851190567017,0.0,-0.36519771814346313,7.635020800366427
17,1770809653.277727,13,-4.77188777923584,5.960086345672607,0.0,-0.36519771814346313,7.635020774398287
18,1770809653.3776593,0,0.2863132655620575,0.10627498477697372,0.0,0.0,0.305400816020775
18,1770809653.3776593,1,-0.3953849971294403,0.1844368875026703,0.0,0.0,0.436286902653197
18,1770809653.3776593,2,-1.1288923025131226,1.0920116901397705,0.0,0.0,1.570632790334933
18,1770809653.3776593,3,-1.1561602354049683,2.002528190612793,0.0,0.0,2.31232040256765
18,1770809653.3776593,4,-1.259778380393982,3.441480875015259,0.0,0.0,3.664809978812527
18,1770809653.3776593,5,-1.589720368385315,4.34282112121582,0.0,0.0,4.624641190464118
18,1770809653.3776593,6,-1.4111154079437256,4.8147735595703125,0.0,0.0,5.017299186262821
18,1770809653.3776593,7,3.471207618713379,4.7041778564453125,0.0,0.0,5.846244233461704
18,1770809653.3776593,8,3.3607723712921143,5.359618186950684,0.0,0.0,6.326159817893708
18,1770809653.3776593,9,3.762974262237549,7.0910964012146,0.0,0.0,8.027678585343391
18,1770809653.3776593,10,-0.34630271792411804,5.53001070022583,0.0,-0.9738605618476868,5.540843249637532
18,1770809653.3776593,11,-0.5276344418525696,5.603313446044922,0.0,-0.8521279692649841,5.628100894516452
18,1770809653.3776593,12,-0.27267929911613464,4.354339122772217,0.0,-0.7303954362869263,4.3628686888641495
18,1770809653.3776593,13,-0.1295226663351059,4.142700672149658,0.0,-0.6086628437042236,4.144724958320369
18,1770809653.3776593,14,-0.5562657713890076,4.415222644805908,0.0,-0.6086628437042236,4.450126134350114
19,1770809653.475552,0,0.2863132655620575,0.10627498477697372,0.0,0.0,0.305400816020775
19,1770809653.475552,1,-0.3953849971294403,0.1844368875026703,0.0,0.0,0.436286902653197
19,1770809653.475552,2,-1.1288923025131226,1.0920116901397705,0.0,0.0,1.570632790334933
19,1770809653.475552,3,-1.1561602354049683,2.002528190612793,0.0,0.0,2.31232040256765
19,1770809653.475552,4,-1.259778380393982,3.441480875015259,0.0,0.0,3.664809978812527
19,1770809653.475552,5,-1.589720368385315,4.34282112121582,0.0,0.0,4.624641190464118
19,1770809653.475552,6,-1.4111154079437256,4.8147735595703125,0.0,0.0,5.017299186262821
19,1770809653.475552,7,3.471207618713379,4.7041778564453125,0.0,0.0,5.846244233461704
19,1770809653.475552,8,3.3607723712921143,5.359618186950684,0.0,0.0,6.326159817893708
19,1770809653.475552,9,3.762974262237549,7.0910964012146,0.0,0.0,8.027678585343391
19,1770809653.475552,10,-0.1281592696905136,4.099093914031982,0.0,-0.6086628437042236,4.101096891620783
19,1770809653.475552,11,-5.832610607147217,1.493382215499878,0.0,-0.2434651404619217,6.020758833916
20,1770809653.5775163,0,0.2863132655620575,0.10627498477697372,0.0,0.0,0.305400816020775
20,1770809653.5775163,1,-0.3953849971294403,0.1844368875026703,0.0,0.0,0.436286902653197
20,1770809653.5775163,2,-1.1288923025131226,1.0920116901397705,0.0,0.0,1.570632790334933
20,1770809653.5775163,3,-1.1561602354049683,2.002528190612793,0.0,0.0,2.31232040256765
20,1770809653.5775163,4,-1.259778380393982,3.441480875015259,0.0,0.0,3.664809978812527
20,1770809653.5775163,5,-1.589720368385315,4.34282112121582,0.0,0.0,4.624641190464118
20,1770809653.5775163,6,-1.4111154079437256,4.8147735595703125,0.0,0.0,5.017299186262821
20,1770809653.5775163,7,3.471207618713379,4.7041778564453125,0.0,0.0,5.846244233461704
20,1770809653.5775163,8,3.3607723712921143,5.359618186950684,0.0,0.0,6.326159817893708
20,1770809653.5775163,9,3.762974262237549,7.0910964012146,0.0,0.0,8.027678585343391
20,1770809653.5775163,10,-0.39265817403793335,4.169907569885254,0.0,-0.9738605618476868,4.188354042225316
20,1770809653.5775163,11,-0.12543247640132904,4.011878967285156,0.0,-0.8521279692649841,4.013839328408797
20,1770809653.5775163,12,-2.5645487308502197,3.4754745960235596,0.0,-0.6086628437042236,4.31923996329338
20,1770809653.5775163,13,-0.4049287438392639,4.300217151641846,0.0,-0.6086628437042236,4.3192400765484145
21,1770809653.6753514,0,0.2863132655620575,0.10627498477697372,0.0,0.0,0.305400816020775
21,1770809653.6753514,1,-0.3953849971294403,0.1844368875026703,0.0,0.0,0.436286902653197
21,1770809653.6753514,2,-1.1288923025131226,1.0920116901397705,0.0,0.0,1.570632790334933
21,1770809653.6753514,3,-1.1561602354049683,2.002528190612793,0.0,0.0,2.31232040256765
21,1770809653.6753514,4,-1.259778380393982,3.441480875015259,0.0,0.0,3.664809978812527
21,1770809653.6753514,5,-1.589720368385315,4.34282112121582,0.0,0.0,4.624641190464118
21,1770809653.6753514,6,-1.4111154079437256,4.8147735595703125,0.0,0.0,5.017299186262821
21,1770809653.6753514,7,3.471207618713379,4.7041778564453125,0.0,0.0,5.846244233461704
21,1770809653.6753514,8,3.3607723712921143,5.359618186950684,0.0,0.0,6.326159817893708
21,1770809653.6753514,9,3.762974262237549,7.0910964012146,0.0,0.0,8.027678585343391
21,1770809653.6753514,10,-0.2481381744146347,3.962448835372925,0.0,-0.8521279692649841,3.9702107408234735
22,1770809653.7753572,0,0.2863132655620575,0.10627498477697372,0.0,0.0,0.305400816020775
22,1770809653.7753572,1,-0.3953849971294403,0.1844368875026703,0.0,0.0,0.436286902653197
22,1770809653.7753572,2,-1.1288923025131226,1.0920116901397705,0.0,0.0,1.570632790334933
22,1770809653.7753572,3,-1.1561602354049683,2.002528190612793,0.0,0.0,2.31232040256765
22,1770809653.7753572,4,-1.259778380393982,3.441480875015259,0.0,0.0,3.664809978812527
22,1770809653.7753572,5,-1.589720368385315,4.34282112121582,0.0,0.0,4.624641190464118
22,1770809653.7753572,6,-1.4111154079437256,4.8147735595703125,0.0,0.0,5.017299186262821
22,1770809653.7753572,7,3.471207618713379,4.7041778564453125,0.0,0.0,5.846244233461704
22,1770809653.7753572,8,3.3607723712921143,5.359618186950684,0.0,0.0,6.326159817893708
22,1770809653.7753572,9,3.762974262237549,7.0910964012146,0.0,0.0,8.027678585343391
23,1770809653.8785381,0,0.2863132655620575,0.10627498477697372,0.0,0.0,0.305400816020775
23,1770809653.8785381,1,-0.3953849971294403,0.1844368875026703,0.0,0.0,0.436286902653197
23,1770809653.8785381,2,-1.1288923025131226,1.0920116901397705,0.0,0.0,1.570632790334933
23,1770809653.8785381,3,-1.1561602354049683,2.002528190612793,0.0,0.0,2.31232040256765
23,1770809653.8785381,4,-1.259778380393982,3.441480875015259,0.0,0.0,3.664809978812527
23,1770809653.8785381,5,-1.589720368385315,4.34282112121582,0.0,0.0,4.624641190464118
23,1770809653.8785381,6,-1.4111154079437256,4.8147735595703125,0.0,0.0,5.017299186262821
23,1770809653.8785381,7,3.471207618713379,4.7041778564453125,0.0,0.0,5.846244233461704
23,1770809653.8785381,8,3.3607723712921143,5.359618186950684,0.0,0.0,6.326159817893708
23,1770809653.8785381,9,3.762974262237549,7.0910964012146,0.0,0.0,8.027678585343391
24,1770809653.9761128,0,0.2863132655620575,0.10627498477697372,0.0,0.0,0.305400816020775
24,1770809653.9761128,1,-0.3953849971294403,0.1844368875026703,0.0,0.0,0.436286902653197
24,1770809653.9761128,2,-1.1288923025131226,1.0920116901397705,0.0,0.0,1.570632790334933
24,1770809653.9761128,3,-1.1561602354049683,2.002528190612793,0.0,0.0,2.31232040256765
24,1770809653.9761128,4,-1.259778380393982,3.441480875015259,0.0,0.0,3.664809978812527
24,1770809653.9761128,5,-1.589720368385315,4.34282112121582,0.0,0.0,4.624641190464118
24,1770809653.9761128,6,-1.4111154079437256,4.8147735595703125,0.0,0.0,5.017299186262821
24,1770809653.9761128,7,3.471207618713379,4.7041778564453125,0.0,0.0,5.846244233461704
24,1770809653.9761128,8,3.3607723712921143,5.359618186950684,0.0,0.0,6.326159817893708
24,1770809653.9761128,9,3.762974262237549,7.0910964012146,0.0,0.0,8.027678585343391
25,1770809654.074976,0,0.2863132655620575,0.10627498477697372,0.0,0.0,0.305400816020775
25,1770809654.074976,1,-0.3953849971294403,0.1844368875026703,0.0,0.0,0.436286902653197
25,1770809654.074976,2,-1.1288923025131226,1.0920116901397705,0.0,0.0,1.570632790334933
25,1770809654.074976,3,-1.1561602354049683,2.002528190612793,0.0,0.0,2.31232040256765
25,1770809654.074976,4,-1.259778380393982,3.441480875015259,0.0,0.0,3.664809978812527
25,1770809654.074976,5,-1.589720368385315,4.34282112121582,0.0,0.0,4.624641190464118
25,1770809654.074976,6,-1.4111154079437256,4.8147735595703125,0.0,0.0,5.017299186262821
25,1770809654.074976,7,3.471207618713379,4.7041778564453125,0.0,0.0,5.846244233461704
25,1770809654.074976,8,3.3607723712921143,5.359618186950684,0.0,0.0,6.326159817893708
25,1770809654.074976,9,3.762974262237549,7.0910964012146,0.0,0.0,8.027678585343391
25,1770809654.074976,10,-0.23450420796871185,3.744731903076172,0.0,-0.7303954362869263,3.7520673300823804
26,1770809654.17717,0,0.2863132655620575,0.10627498477697372,0.0,0.0,0.305400816020775
26,1770809654.17717,1,-0.3953849971294403,0.1844368875026703,0.0,0.0,0.436286902653197
26,1770809654.17717,2,-1.1288923025131226,1.0920116901397705,0.0,0.0,1.570632790334933
26,1770809654.17717,3,-1.1561602354049683,2.002528190612793,0.0,0.0,2.31232040256765
26,1770809654.17717,4,-1.259778380393982,3.441480875015259,0.0,0.0,3.664809978812527
26,1770809654.17717,5,-1.589720368385315,4.34282112121582,0.0,0.0,4.624641190464118
26,1770809654.17717,6,-1.4111154079437256,4.8147735595703125,0.0,0.0,5.017299186262821
26,1770809654.17717,7,3.471207618713379,4.7041778564453125,0.0,0.0,5.846244233461704
26,1770809654.17717,8,3.3607723712921143,5.359618186950684,0.0,0.0,6.326159817893708
26,1770809654.17717,9,3.762974262237549,7.0910964012146,0.0,0.0,8.027678585343391
26,1770809654.17717,10,-0.5453585982322693,3.4474258422851562,0.0,-0.6086628437042236,3.4902952509381473
27,1770809654.2785943,0,0.2863132655620575,0.10627498477697372,0.0,0.0,0.305400816020775
27,1770809654.2785943,1,-0.3953849971294403,0.1844368875026703,0.0,0.0,0.436286902653197
27,1770809654.2785943,2,-1.1288923025131226,1.0920116901397705,0.0,0.0,1.570632790334933
27,1770809654.2785943,3,-1.1561602354049683,2.002528190612793,0.0,0.0,2.31232040256765
27,1770809654.2785943,4,-1.259778380393982,3.441480875015259,0.0,0.0,3.664809978812527
27,1770809654.2785943,5,-1.589720368385315,4.34282112121582,0.0,0.0,4.624641190464118
27,1770809654.2785943,6,-1.4111154079437256,4.8147735595703125,0.0,0.0,5.017299186262821
27,1770809654.2785943,7,3.471207618713379,4.7041778564453125,0.0,0.0,5.846244233461704
27,1770809654.2785943,8,3.3607723712921143,5.359618186950684,0.0,0.0,6.326159817893708
27,1770809654.2785943,9,3.762974262237549,7.0910964012146,0.0,0.0,8.027678585343391
27,1770809654.2785943,10,-0.5317246317863464,3.3612401485443115,0.0,-0.7303954362869263,3.4030378223338205
27,1770809654.2785943,11,0.0,3.6211812496185303,0.0,-0.4869302809238434,3.6211812496185303
27,1770809654.2785943,12,0.0,3.7520673274993896,0.0,-0.36519771814346313,3.7520673274993896
27,1770809654.2785943,13,-1.4070252180099487,3.478259563446045,0.0,-0.36519771814346313,3.7520673707730534
27,1770809654.2785943,14,5.621284008026123,1.4392762184143066,0.0,-0.36519771814346313,5.802615783574096
28,1770809654.378217,0,0.2863132655620575,0.10627498477697372,0.0,0.0,0.305400816020775
28,1770809654.378217,1,-0.3953849971294403,0.1844368875026703,0.0,0.0,0.436286902653197
28,1770809654.378217,2,-1.1288923025131226,1.0920116901397705,0.0,0.0,1.570632790334933
28,1770809654.378217,3,-1.1561602354049683,2.002528190612793,0.0,0.0,2.31232040256765
28,1770809654.378217,4,-1.259778380393982,3.441480875015259,0.0,0.0,3.664809978812527
28,1770809654.378217,5,-1.589720368385315,4.34282112121582,0.0,0.0,4.624641190464118
28,1770809654.378217,6,-1.4111154079437256,4.8147735595703125,0.0,0.0,5.017299186262821
28,1770809654.378217,7,3.471207618713379,4.7041778564453125,0.0,0.0,5.846244233461704
28,1770809654.378217,8,3.3607723712921143,5.359618186950684,0.0,0.0,6.326159817893708
28,1770809654.378217,9,3.762974262237549,7.0910964012146,0.0,0.0,8.027678585343391
28,1770809654.378217,10,-0.44719406962394714,3.549492835998535,0.0,-0.8521279692649841,3.5775525053745545
28,1770809654.378217,11,-0.1104351207613945,3.532197952270508,0.0,-0.36519771814346313,3.5339239224863843
28,1770809654.378217,12,-0.3476661145687103,3.692105770111084,0.0,-0.36519771814346313,3.708438585834591
28,1770809654.378217,13,5.579018592834473,1.428454875946045,0.0,-0.36519771814346313,5.758987045636305
28,1770809654.378217,14,-3.7793352603912354,4.345406532287598,0.0,-0.36519771814346313,5.758987145434882
29,1770809654.4757414,0,0.2863132655620575,0.10627498477697372,0.0,0.0,0.305400816020775
29,1770809654.4757414,1,-0.3953849971294403,0.1844368875026703,0.0,0.0,0.436286902653197
29,1770809654.4757414,2,-1.1288923025131226,1.0920116901397705,0.0,0.0,1.570632790334933
29,1770809654.4757414,3,-1.1561602354049683,2.002528190612793,0.0,0.0,2.31232040256765
29,1770809654.4757414,4,-1.259778380393982,3.441480875015259,0.0,0.0,3.664809978812527
29,1770809654.4757414,5,-1.589720368385315,4.34282112121582,0.0,0.0,4.624641190464118
29,1770809654.4757414,6,-1.4111154079437256,4.8147735595703125,0.0,0.0,5.017299186262821
29,1770809654.4757414,7,3.471207618713379,4.7041778564453125,0.0,0.0,5.846244233461704
29,1770809654.4757414,8,3.3607723712921143,5.359618186950684,0.0,0.0,6.326159817893708
29,1770809654.4757414,9,3.762974262237549,7.0910964012146,0.0,0.0,8.027678585343391
29,1770809654.4757414,10,-0.44719406962394714,3.549492835998535,0.0,-0.4869302809238434,3.5775525053745545
29,1770809654.4757414,11,5.579018592834473,1.428454875946045,0.0,-0.2434651404619217,5.758987045636305
29,1770809654.4757414,12,-3.5993669033050537,4.495607852935791,0.0,-0.2434651404619217,5.758987069961676
30,1770809654.5754893,0,0.2863132655620575,0.10627498477697372,0.0,0.0,0.305400816020775
30,1770809654.5754893,1,-0.3953849971294403,0.1844368875026703,0.0,0.0,0.436286902653197
30,1770809654.5754893,2,-1.1288923025131226,1.0920116901397705,0.0,0.0,1.570632790334933
30,1770809654.5754893,3,-1.1561602354049683,2.002528190612793,0.0,0.0,2.31232040256765
30,1770809654.5754893,4,-1.7342402935028076,4.28715705871582,0.0,0.0,4.624641071662274
30,1770809654.5754893,5,-1.4111154079437256,4.8147735595703125,0.0,0.0,5.017299186262821
30,1770809654.5754893,6,3.471207618713379,4.7041778564453125,0.0,0.0,5.846244233461704
30,1770809654.5754893,7,3.3607723712921143,5.359618186950684,0.0,0.0,6.326159817893708
30,1770809654.5754893,8,3.762974262237549,7.0910964012146,0.0,0.0,8.027678585343391
30,1770809654.5754893,9,0.0,3.577552556991577,0.0,0.12173257023096085,3.577552556991577
30,1770809654.5754893,10,-0.441740483045578,3.5062062740325928,0.0,-0.4869302809238434,3.533923752774932
30,1770809654.5754893,11,-0.43628689646720886,3.4629197120666504,0.0,-0.36519771814346313,3.4902950001753092
30,1770809654.5754893,12,5.536753177642822,1.4176337718963623,0.0,-0.2434651404619217,5.715358366835714
30,1770809654.5754893,13,-3.750703811645508,4.31248664855957,0.0,-0.2434651404619217,5.715358271945574
30,1770809654.5754893,14,-0.11452531069517136,3.663020133972168,0.0,-0.12173257023096085,3.664810029002227
31,1770809654.6770413,0,0.2863132655620575,0.10627498477697372,0.0,0.0,0.305400816020775
31,1770809654.6770413,1,-0.3953849971294403,0.1844368875026703,0.0,0.0,0.436286902653197
31,1770809654.6770413,2,-1.1288923025131226,1.0920116901397705,0.0,0.0,1.570632790334933
31,1770809654.6770413,3,-1.1561602354049683,2.002528190612793,0.0,0.0,2.31232040256765
31,1770809654.6770413,4,-1.589720368385315,4.34282112121582,0.0,0.0,4.624641190464118
31,1770809654.6770413,5,-1.4111154079437256,4.8147735595703125,0.0,0.0,5.017299186262821
31,1770809654.6770413,6,3.471207618713379,4.7041778564453125,0.0,0.0,5.846244233461704
31,1770809654.6770413,7,3.3607723712921143,5.359618186950684,0.0,0.0,6.326159817893708
31,1770809654.6770413,8,3.762974262237549,7.0910964012146,0.0,0.0,8.027678585343391
31,1770809654.6770413,9,-0.5453585982322693,3.4474258422851562,0.0,-0.4869302809238434,3.4902952509381473
31,1770809654.6770413,10,-0.959831178188324,3.717410087585449,0.0,-0.2434651404619217,3.839324634607556
31,1770809654.6770413,11,0.239957794547081,3.8318188190460205,0.0,-0.2434651404619217,3.839324837150295
31,1770809654.6770413,12,-0.11316191405057907,3.619412660598755,0.0,-0.12173257023096085,3.6211812473962346
32,1770809654.778036,0,0.2863132655620575,0.10627498477697372,0.0,0.0,0.305400816020775
32,1770809654.778036,1,-0.3953849971294403,0.1844368875026703,0.0,0.0,0.436286902653197
32,1770809654.778036,2,-1.1288923025131226,1.0920116901397705,0.0,0.0,1.570632790334933
32,1770809654.778036,3,-1.1561602354049683,2.002528190612793,0.0,0.0,2.31232040256765
32,1770809654.778036,4,-1.7342402935028076,4.28715705871582,0.0,0.0,4.624641071662274
32,1770809654.778036,5,-1.4111154079437256,4.8147735595703125,0.0,0.0,5.017299186262821
32,1770809654.778036,6,3.471207618713379,4.7041778564453125,0.0,0.0,5.846244233461704
32,1770809654.778036,7,3.3607723712921143,5.359618186950684,0.0,0.0,6.326159817893708
32,1770809654.778036,8,3.762974262237549,7.0910964012146,0.0,0.0,8.027678585343391
32,1770809654.778036,9,-0.5385416150093079,3.4043331146240234,0.0,-0.4869302809238434,3.44666665438109
32,1770809654.778036,10,-2.4336628913879395,2.798178195953369,0.0,-0.4869302809238434,3.7084385238571174
32,1770809654.778036,11,-0.46355482935905457,3.679352283477783,0.0,-0.4869302809238434,3.7084385266248217
33,1770809654.876103,0,0.2863132655620575,0.10627498477697372,0.0,0.0,0.305400816020775
33,1770809654.876103,1,-0.3953849971294403,0.1844368875026703,0.0,0.0,0.436286902653197
33,1770809654.876103,2,-1.1288923025131226,1.0920116901397705,0.0,0.0,1.570632790334933
33,1770809654.876103,3,-1.1561602354049683,2.002528190612793,0.0,0.0,2.31232040256765
33,1770809654.876103,4,-1.259778380393982,3.441480875015259,0.0,0.0,3.664809978812527
33,1770809654.876103,5,-1.589720368385315,4.34282112121582,0.0,0.0,4.624641190464118
33,1770809654.876103,6,-1.4111154079437256,4.8147735595703125,0.0,0.0,5.017299186262821
33,1770809654.876103,7,3.471207618713379,4.7041778564453125,0.0,0.0,5.846244233461704
33,1770809654.876103,8,3.3607723712921143,5.359618186950684,0.0,0.0,6.326159817893708
33,1770809654.876103,9,-5.069108486175537,5.3543381690979,0.0,0.0,7.373248814035472
33,1770809654.876103,10,3.762974262237549,7.0910964012146,0.0,0.0,8.027678585343391
33,1770809654.876103,11,-0.629889190196991,3.2998287677764893,0.0,-0.7303954362869263,3.359409217194643
33,1770809654.876103,12,-0.4253797233104706,3.3763468265533447,0.0,-0.36519771814346313,3.4030377315246643
33,1770809654.876103,13,-2.405031442642212,2.7652587890625,0.0,-0.36519771814346313,3.6648100101622023
33,1770809654.876103,14,-0.6871518492698669,3.599813222885132,0.0,-0.36519771814346313,3.664810077427429
34,1770809654.9788992,0,0.2863132655620575,0.10627498477697372,0.0,0.0,0.305400816020775
34,1770809654.9788992,1,-0.3953849971294403,0.1844368875026703,0.0,0.0,0.436286902653197
34,1770809654.9788992,2,-1.1288923025131226,1.0920116901397705,0.0,0.0,1.570632790334933
34,1770809654.9788992,3,-1.1561602354049683,2.002528190612793,0.0,0.0,2.31232040256765
34,1770809654.9788992,4,-1.589720368385315,4.34282112121582,0.0,0.0,4.624641190464118
34,1770809654.9788992,5,-1.4111154079437256,4.8147735595703125,0.0,0.0,5.017299186262821
34,1770809654.9788992,6,3.471207618713379,4.7041778564453125,0.0,0.0,5.846244233461704
34,1770809654.9788992,7,3.3607723712921143,5.359618186950684,0.0,0.0,6.326159817893708
34,1770809654.9788992,8,3.762974262237549,7.0910964012146,0.0,0.0,8.027678585343391
34,1770809654.9788992,9,-0.6135284304618835,3.214118719100952,0.0,-0.6086628437042236,3.272151627822306
34,1770809654.9788992,10,-0.4253797233104706,3.3763468265533447,0.0,-0.36519771814346313,3.4030377315246643
35,1770809655.0763745,0,0.2863132655620575,0.10627498477697372,0.0,0.0,0.305400816020775
35,1770809655.0763745,1,-0.3953849971294403,0.1844368875026703,0.0,0.0,0.436286902653197
35,1770809655.0763745,2,-1.1288923025131226,1.0920116901397705,0.0,0.0,1.570632790334933
35,1770809655.0763745,3,-1.1561602354049683,2.002528190612793,0.0,0.0,2.31232040256765
35,1770809655.0763745,4,-1.589720368385315,4.34282112121582,0.0,0.0,4.624641190464118
35,1770809655.0763745,5,-1.4111154079437256,4.8147735595703125,0.0,0.0,5.017299186262821
35,1770809655.0763745,6,3.471207618713379,4.7041778564453125,0.0,0.0,5.846244233461704
35,1770809655.0763745,7,3.3607723712921143,5.359618186950684,0.0,0.0,6.326159817893708
35,1770809655.0763745,8,3.762974262237549,7.0910964012146,0.0,0.0,8.027678585343391
35,1770809655.0763745,9,-4.2537970542907715,3.7514967918395996,0.0,-0.36519771814346313,5.671729679584144
35,1770809655.0763745,10,5.140005111694336,2.397679090499878,0.0,-0.36519771814346313,5.671729680552858
35,1770809655.0763745,11,-0.33539554476737976,3.561796188354492,0.0,-0.2434651404619217,3.577552551511493
36,1770809655.1786032,0,0.2863132655620575,0.10627498477697372,0.0,0.0,0.305400816020775
36,1770809655.1786032,1,-0.3953849971294403,0.1844368875026703,0.0,0.0,0.436286902653197
36,1770809655.1786032,2,-1.1288923025131226,1.0920116901397705,0.0,0.0,1.570632790334933
36,1770809655.1786032,3,-1.1561602354049683,2.002528190612793,0.0,0.0,2.31232040256765
36,1770809655.1786032,4,-1.259778380393982,3.441480875015259,0.0,0.0,3.664809978812527
36,1770809655.1786032,5,-1.589720368385315,4.34282112121582,0.0,0.0,4.624641190464118
36,1770809655.1786032,6,-1.4111154079437256,4.8147735595703125,0.0,0.0,5.017299186262821
36,1770809655.1786032,7,3.471207618713379,4.7041778564453125,0.0,0.0,5.846244233461704
36,1770809655.1786032,8,3.3607723712921143,5.359618186950684,0.0,0.0,6.326159817893708
36,1770809655.1786032,9,3.762974262237549,7.0910964012146,0.0,0.0,8.027678585343391
36,1770809655.1786032,10,-0.3394857347011566,3.6052327156066895,0.0,0.2434651404619217,3.6211812296191925
36,1770809655.1786032,11,-0.5971676707267761,3.128408908843994,0.0,-0.36519771814346313,3.1848942726401
36,1770809655.1786032,12,-0.3149445950984955,3.344613552093506,0.0,-0.2434651404619217,3.3594091609729966
36,1770809655.1786032,13,-0.4144725501537323,3.289773941040039,0.0,-0.12173257023096085,3.3157804628740197
37,1770809655.278404,0,0.2863132655620575,0.10627498477697372,0.0,0.0,0.305400816020775
37,1770809655.278404,1,-0.3953849971294403,0.1844368875026703,0.0,0.0,0.436286902653197
37,1770809655.278404,2,-1.1288923025131226,1.0920116901397705,0.0,0.0,1.570632790334933
37,1770809655.278404,3,-1.1561602354049683,2.002528190612793,0.0,0.0,2.31232040256765
37,1770809655.278404,4,-1.589720368385315,4.34282112121582,0.0,0.0,4.624641190464118
37,1770809655.278404,5,-1.4111154079437256,4.8147735595703125,0.0,0.0,5.017299186262821
37,1770809655.278404,6,3.471207618713379,4.7041778564453125,0.0,0.0,5.846244233461704
37,1770809655.278404,7,3.3607723712921143,5.359618186950684,0.0,0.0,6.326159817893708
37,1770809655.278404,8,3.762974262237549,7.0910964012146,0.0,0.0,8.027678585343391
37,1770809655.278404,9,-0.3394857347011566,3.6052327156066895,0.0,0.12173257023096085,3.6211812296191925
37,1770809655.278404,10,-1.5842667818069458,3.256232738494873,0.0,0.12173257023096085,3.6211811447624043
38,1770809655.3783908,0,0.2863132655620575,0.10627498477697372,0.0,0.0,0.305400816020775
38,1770809655.3783908,1,-0.3953849971294403,0.1844368875026703,0.0,0.0,0.436286902653197
38,1770809655.3783908,2,-1.1288923025131226,1.0920116901397705,0.0,0.0,1.570632790334933
38,1770809655.3783908,3,-1.1561602354049683,2.002528190612793,0.0,0.0,2.31232040256765
38,1770809655.3783908,4,-1.589720368385315,4.34282112121582,0.0,0.0,4.624641190464118
38,1770809655.3783908,5,-1.4111154079437256,4.8147735595703125,0.0,0.0,5.017299186262821
38,1770809655.3783908,6,3.471207618713379,4.7041778564453125,0.0,0.0,5.846244233461704
38,1770809655.3783908,7,3.3607723712921143,5.359618186950684,0.0,0.0,6.326159817893708
38,1770809655.3783908,8,3.762974262237549,7.0910964012146,0.0,0.0,8.027678585343391
38,1770809655.3783908,9,-0.41992613673210144,3.3330602645874023,0.0,0.12173257023096085,3.3594089789250416
39,1770809655.4757156,0,0.2863132655620575,0.10627498477697372,0.0,0.0,0.305400816020775
39,1770809655.4757156,1,-0.3953849971294403,0.1844368875026703,0.0,0.0,0.436286902653197
39,1770809655.4757156,2,-1.1288923025131226,1.0920116901397705,0.0,0.0,1.570632790334933
39,1770809655.4757156,3,-1.1561602354049683,2.002528190612793,0.0,0.0,2.31232040256765
39,1770809655.4757156,4,-1.589720368385315,4.34282112121582,0.0,0.0,4.624641190464118
39,1770809655.4757156,5,-1.4111154079437256,4.8147735595703125,0.0,0.0,5.017299186262821
39,1770809655.4757156,6,3.2885124683380127,4.8336591720581055,0.0,0.0,5.84624454210017
39,1770809655.4757156,7,3.3607723712921143,5.359618186950684,0.0,0.0,6.326159817893708
39,1770809655.4757156,8,3.762974262237549,7.0910964012146,0.0,0.0,8.027678585343391
39,1770809655.4757156,9,-0.41992613673210144,3.3330602645874023,0.0,0.12173257023096085,3.3594089789250416
40,1770809655.5782619,0,0.2863132655620575,0.10627498477697372,0.0,0.0,0.305400816020775
40,1770809655.5782619,1,-0.3953849971294403,0.1844368875026703,0.0,0.0,0.436286902653197
40,1770809655.5782619,2,-1.1288923025131226,1.0920116901397705,0.0,0.0,1.570632790334933
40,1770809655.5782619,3,-1.1561602354049683,2.002528190612793,0.0,0.0,2.31232040256765
40,1770809655.5782619,4,-1.259778380393982,3.441480875015259,0.0,0.0,3.664809978812527
40,1770809655.5782619,5,-1.589720368385315,4.34282112121582,0.0,0.0,4.624641190464118
40,1770809655.5782619,6,-1.4111154079437256,4.8147735595703125,0.0,0.0,5.017299186262821
40,1770809655.5782619,7,3.471207618713379,4.7041778564453125,0.0,0.0,5.846244233461704
40,1770809655.5782619,8,3.3607723712921143,5.359618186950684,0.0,0.0,6.326159817893708
40,1770809655.5782619,9,3.762974262237549,7.0910964012146,0.0,0.0,8.027678585343391
40,1770809655.5782619,10,-0.41992613673210144,3.3330602645874023,0.0,0.12173257023096085,3.3594089789250416
40,1770809655.5782619,11,-0.5521755814552307,3.490518569946289,0.0,0.2434651404619217,3.5339238474952044
40,1770809655.5782619,12,-0.3981117904186249,3.159914255142212,0.0,0.4869302809238434,3.184894205075152
40,1770809655.5782619,13,-0.9325632452964783,3.1819374561309814,0.0,0.4869302809238434,3.3157804784405136
41,1770809655.6775212,0,0.2863132655620575,0.10627498477697372,0.0,0.0,0.305400816020775
41,1770809655.6775212,1,-0.3953849971294403,0.1844368875026703,0.0,0.0,0.436286902653197
41,1770809655.6775212,2,-1.1288923025131226,1.0920116901397705,0.0,0.0,1.570632790334933
41,1770809655.6775212,3,-1.1561602354049683,2.002528190612793,0.0,0.0,2.31232040256765
41,1770809655.6775212,4,-1.259778380393982,3.441480875015259,0.0,0.0,3.664809978812527
41,1770809655.6775212,5,-1.589720368385315,4.34282112121582,0.0,0.0,4.624641190464118
41,1770809655.6775212,6,-1.4111154079437256,4.8147735595703125,0.0,0.0,5.017299186262821
41,1770809655.6775212,7,3.471207618713379,4.7041778564453125,0.0,0.0,5.846244233461704
41,1770809655.6775212,8,3.3607723712921143,5.359618186950684,0.0,0.0,6.326159817893708
41,1770809655.6775212,9,3.762974262237549,7.0910964012146,0.0,0.0,8.027678585343391
41,1770809655.6775212,10,-0.403565376996994,3.2032008171081543,0.0,0.2434651404619217,3.2285229576747745
41,1770809655.6775212,11,-0.5180906653404236,3.275054454803467,0.0,0.2434651404619217,3.3157803937294936
41,1770809655.6775212,12,-0.2126898616552353,3.3963849544525146,0.0,0.36519771814346313,3.4030380156681077
42,1770809655.7794554,0,0.2863132655620575,0.10627498477697372,0.0,0.0,0.305400816020775
42,1770809655.7794554,1,-0.3953849971294403,0.1844368875026703,0.0,0.0,0.436286902653197
42,1770809655.7794554,2,-1.1288923025131226,1.0920116901397705,0.0,0.0,1.570632790334933
42,1770809655.7794554,3,-1.1561602354049683,2.002528190612793,0.0,0.0,2.31232040256765
42,1770809655.7794554,4,-1.259778380393982,3.441480875015259,0.0,0.0,3.664809978812527
42,1770809655.7794554,5,-1.589720368385315,4.34282112121582,0.0,0.0,4.624641190464118
42,1770809655.7794554,6,-1.4111154079437256,4.8147735595703125,0.0,0.0,5.017299186262821
42,1770809655.7794554,7,3.471207618713379,4.7041778564453125,0.0,0.0,5.846244233461704
42,1770809655.7794554,8,3.3607723712921143,5.359618186950684,0.0,0.0,6.326159817893708
42,1770809655.7794554,9,3.762974262237549,7.0910964012146,0.0,0.0,8.027678585343391
42,1770809655.7794554,10,-0.5044566988945007,3.188868761062622,0.0,0.36519771814346313,3.228522965125167
42,1770809655.7794554,11,-0.5317246317863464,3.3612401485443115,0.0,0.36519771814346313,3.4030378223338205
43,1770809655.877683,0,0.2863132655620575,0.10627498477697372,0.0,0.0,0.305400816020775
43,1770809655.877683,1,-0.3953849971294403,0.1844368875026703,0.0,0.0,0.436286902653197
43,1770809655.877683,2,-1.1288923025131226,1.0920116901397705,0.0,0.0,1.570632790334933
43,1770809655.877683,3,-1.1561602354049683,2.002528190612793,0.0,0.0,2.31232040256765
43,1770809655.877683,4,2.3327715396881104,1.08817720413208,0.0,0.0,2.5740925942886257
43,1770809655.877683,5,-1.4479271173477173,2.1282527446746826,0.0,0.0,2.574092593976796
43,1770809655.877683,6,-1.259778380393982,3.441480875015259,0.0,0.0,3.664809978812527
43,1770809655.877683,7,-1.589720368385315,4.34282112121582,0.0,0.0,4.624641190464118
43,1770809655.877683,8,-1.4111154079437256,4.8147735595703125,0.0,0.0,5.017299186262821
43,1770809655.877683,9,3.471207618713379,4.7041778564453125,0.0,0.0,5.846244233461704
43,1770809655.877683,10,3.3607723712921143,5.359618186950684,0.0,0.0,6.326159817893708
43,1770809655.877683,11,3.762974262237549,7.0910964012146,0.0,0.0,8.027678585343391
43,1770809655.877683,12,-0.4253797233104706,3.3763468265533447,0.0,0.36519771814346313,3.4030377315246643
44,1770809655.9786675,0,0.2863132655620575,0.10627498477697372,0.0,0.0,0.305400816020775
44,1770809655.9786675,1,-0.3953849971294403,0.1844368875026703,0.0,0.0,0.436286902653197
44,1770809655.9786675,2,-1.1288923025131226,1.0920116901397705,0.0,0.0,1.570632790334933
44,1770809655.9786675,3,-1.1561602354049683,2.002528190612793,0.0,0.0,2.31232040256765
44,1770809655.9786675,4,-1.589720368385315,4.34282112121582,0.0,0.0,4.624641190464118
44,1770809655.9786675,5,-1.4111154079437256,4.8147735595703125,0.0,0.0,5.017299186262821
44,1770809655.9786675,6,3.471207618713379,4.7041778564453125,0.0,0.0,5.846244233461704
44,1770809655.9786675,7,3.3607723712921143,5.359618186950684,0.0,0.0,6.326159817893708
44,1770809655.9786675,8,3.762974262237549,7.0910964012146,0.0,0.0,8.027678585343391
44,1770809655.9786675,9,-0.43628689646720886,3.4629197120666504,0.0,0.36519771814346313,3.4902950001753092
44,1770809655.9786675,10,-0.31085440516471863,3.3011770248413086,0.0,0.4869302809238434,3.3157804828652973
45,1770809656.0782967,0,0.2863132655620575,0.10627498477697372,0.0,0.0,0.305400816020775
45,1770809656.0782967,1,-0.3953849971294403,0.1844368875026703,0.0,0.0,0.436286902653197
45,1770809656.0782967,2,-1.1288923025131226,1.0920116901397705,0.0,0.0,1.570632790334933
45,1770809656.0782967,3,-1.1561602354049683,2.002528190612793,0.0,0.0,2.31232040256765
45,1770809656.0782967,4,-1.259778380393982,3.441480875015259,0.0,0.0,3.664809978812527
45,1770809656.0782967,5,-1.589720368385315,4.34282112121582,0.0,0.0,4.624641190464118
45,1770809656.0782967,6,-1.4111154079437256,4.8147735595703125,0.0,0.0,5.017299186262821
45,1770809656.0782967,7,3.471207618713379,4.7041778564453125,0.0,0.0,5.846244233461704
45,1770809656.0782967,8,3.3607723712921143,5.359618186950684,0.0,0.0,6.326159817893708
45,1770809656.0782967,9,-5.069108486175537,5.3543381690979,0.0,0.0,7.373248814035472
45,1770809656.0782967,10,3.762974262237549,7.0910964012146,0.0,0.0,8.027678585343391
45,1770809656.0782967,11,-0.43628689646720886,3.4629197120666504,0.0,0.2434651404619217,3.4902950001753092
46,1770809656.178052,0,0.2863132655620575,0.10627498477697372,0.0,0.0,0.305400816020775
46,1770809656.178052,1,-0.3953849971294403,0.1844368875026703,0.0,0.0,0.436286902653197
46,1770809656.178052,2,-1.1288923025131226,1.0920116901397705,0.0,0.0,1.570632790334933
46,1770809656.178052,3,-1.1561602354049683,2.002528190612793,0.0,0.0,2.31232040256765
46,1770809656.178052,4,-1.259778380393982,3.441480875015259,0.0,0.0,3.664809978812527
46,1770809656.178052,5,-1.589720368385315,4.34282112121582,0.0,0.0,4.624641190464118
46,1770809656.178052,6,-1.4111154079437256,4.8147735595703125,0.0,0.0,5.017299186262821
46,1770809656.178052,7,3.471207618713379,4.7041778564453125,0.0,0.0,5.846244233461704
46,1770809656.178052,8,3.3607723712921143,5.359618186950684,0.0,0.0,6.326159817893708
46,1770809656.178052,9,3.762974262237549,7.0910964012146,0.0,0.0,8.027678585343391
46,1770809656.178052,10,-0.3231249749660492,3.4314866065979004,0.0,0.4869302809238434,3.4466665171883952
47,1770809656.277839,0,0.2863132655620575,0.10627498477697372,0.0,0.0,0.305400816020775
47,1770809656.277839,1,-0.3953849971294403,0.1844368875026703,0.0,0.0,0.436286902653197
47,1770809656.277839,2,-1.1288923025131226,1.0920116901397705,0.0,0.0,1.570632790334933
47,1770809656.277839,3,-1.1561602354049683,2.002528190612793,0.0,0.0,2.31232040256765
47,1770809656.277839,4,-1.259778380393982,3.441480875015259,0.0,0.0,3.664809978812527
47,1770809656.277839,5,-1.589720368385315,4.34282112121582,0.0,0.0,4.624641190464118
47,1770809656.277839,6,-1.4111154079437256,4.8147735595703125,0.0,0.0,5.017299186262821
47,1770809656.277839,7,3.471207618713379,4.7041778564453125,0.0,0.0,5.846244233461704
47,1770809656.277839,8,3.3607723712921143,5.359618186950684,0.0,0.0,6.326159817893708
47,1770809656.277839,9,3.762974262237549,7.0910964012146,0.0,0.0,8.027678585343391
47,1770809656.277839,10,-0.21814344823360443,3.483471632003784,0.0,0.36519771814346313,3.4902952847835604
47,1770809656.277839,11,0.2290506213903427,3.6576449871063232,0.0,0.36519771814346313,3.6648098230144655
47,1770809656.277839,12,-2.061455488204956,3.030055046081543,0.0,0.36519771814346313,3.6648099967303294
48,1770809656.3747296,0,0.2863132655620575,0.10627498477697372,0.0,0.0,0.305400816020775
48,1770809656.3747296,1,-0.3953849971294403,0.1844368875026703,0.0,0.0,0.436286902653197
48,1770809656.3747296,2,-1.1288923025131226,1.0920116901397705,0.0,0.0,1.570632790334933
48,1770809656.3747296,3,-1.1561602354049683,2.002528190612793,0.0,0.0,2.31232040256765
48,1770809656.3747296,4,-1.259778380393982,3.441480875015259,0.0,0.0,3.664809978812527
48,1770809656.3747296,5,-1.589720368385315,4.34282112121582,0.0,0.0,4.624641190464118
48,1770809656.3747296,6,-1.4111154079437256,4.8147735595703125,0.0,0.0,5.017299186262821
48,1770809656.3747296,7,3.471207618713379,4.7041778564453125,0.0,0.0,5.846244233461704
48,1770809656.3747296,8,3.3607723712921143,5.359618186950684,0.0,0.0,6.326159817893708
48,1770809656.3747296,9,3.762974262237549,7.0910964012146,0.0,0.0,8.027678585343391
48,1770809656.3747296,10,-0.10907172411680222,3.4885904788970947,0.0,0.36519771814346313,3.4902951408803915
49,1770809656.4788868,0,0.2863132655620575,0.10627498477697372,0.0,0.0,0.305400816020775
49,1770809656.4788868,1,-0.3953849971294403,0.1844368875026703,0.0,0.0,0.436286902653197
49,1770809656.4788868,2,-1.1288923025131226,1.0920116901397705,0.0,0.0,1.570632790334933
49,1770809656.4788868,3,-1.1561602354049683,2.002528190612793,0.0,0.0,2.31232040256765
49,1770809656.4788868,4,-1.259778380393982,3.441480875015259,0.0,0.0,3.664809978812527
49,1770809656.4788868,5,-1.589720368385315,4.34282112121582,0.0,0.0,4.624641190464118
49,1770809656.4788868,6,-1.4111154079437256,4.8147735595703125,0.0,0.0,5.017299186262821
49,1770809656.4788868,7,3.471207618713379,4.7041778564453125,0.0,0.0,5.846244233461704
49,1770809656.4788868,8,3.3607723712921143,5.359618186950684,0.0,0.0,6.326159817893708
49,1770809656.4788868,9,3.762974262237549,7.0910964012146,0.0,0.0,8.027678585343391
49,1770809656.4788868,10,-0.3517563045024872,3.7355422973632812,0.0,0.2434651404619217,3.7520672639422905
49,1770809656.4788868,11,-0.2290506213903427,3.6576449871063232,0.0,0.4869302809238434,3.6648098230144655
49,1770809656.4788868,12,-0.23723100125789642,3.7882754802703857,0.0,0.4869302809238434,3.7956962025925685
49,1770809656.4788868,13,-0.11179851740598679,3.575805425643921,0.0,0.6086628437042236,3.577552704092377
50,1770809656.5808554,0,0.2863132655620575,0.10627498477697372,0.0,0.0,0.305400816020775
50,1770809656.5808554,1,-0.3953849971294403,0.1844368875026703,0.0,0.0,0.436286902653197
50,1770809656.5808554,2,-1.1288923025131226,1.0920116901397705,0.0,0.0,1.570632790334933
50,1770809656.5808554,3,-1.1561602354049683,2.002528190612793,0.0,0.0,2.31232040256765
50,1770809656.5808554,4,-1.259778380393982,3.441480875015259,0.0,0.0,3.664809978812527
50,1770809656.5808554,5,-1.589720368385315,4.34282112121582,0.0,0.0,4.624641190464118
50,1770809656.5808554,6,-1.4111154079437256,4.8147735595703125,0.0,0.0,5.017299186262821
50,1770809656.5808554,7,3.471207618713379,4.7041778564453125,0.0,0.0,5.846244233461704
50,1770809656.5808554,8,3.3607723712921143,5.359618186950684,0.0,0.0,6.326159817893708
50,1770809656.5808554,9,3.762974262237549,7.0910964012146,0.0,0.0,8.027678585343391
50,1770809656.5808554,10,-0.4690084159374237,3.7226388454437256,0.0,0.2434651404619217,3.7520672792244443
50,1770809656.5808554,11,-0.11316191405057907,3.619412660598755,0.0,0.6086628437042236,3.6211812473962346
50,1770809656.5808554,12,-1.919662356376648,3.3249528408050537,0.0,0.7303954362869263,3.839324804710737
50,1770809656.5808554,13,0.479915589094162,3.8092119693756104,0.0,0.7303954362869263,3.8393247844236895
51,1770809656.6829832,0,0.2863132655620575,0.10627498477697372,0.0,0.0,0.305400816020775
51,1770809656.6829832,1,-0.3953849971294403,0.1844368875026703,0.0,0.0,0.436286902653197
51,1770809656.6829832,2,-1.1288923025131226,1.0920116901397705,0.0,0.0,1.570632790334933
51,1770809656.6829832,3,-1.1561602354049683,2.002528190612793,0.0,0.0,2.31232040256765
51,1770809656.6829832,4,-1.259778380393982,3.441480875015259,0.0,0.0,3.664809978812527
51,1770809656.6829832,5,-1.589720368385315,4.34282112121582,0.0,0.0,4.624641190464118
51,1770809656.6829832,6,-1.4111154079437256,4.8147735595703125,0.0,0.0,5.017299186262821
51,1770809656.6829832,7,3.471207618713379,4.7041778564453125,0.0,0.0,5.846244233461704
51,1770809656.6829832,8,3.3607723712921143,5.359618186950684,0.0,0.0,6.326159817893708
51,1770809656.6829832,9,3.762974262237549,7.0910964012146,0.0,0.0,8.027678585343391
51,1770809656.6829832,10,0.11588870733976364,3.706627368927002,0.0,0.8521279692649841,3.7084385723060844
52,1770809656.7781417,0,0.2863132655620575,0.10627498477697372,0.0,0.0,0.305400816020775
52,1770809656.7781417,1,-0.3953849971294403,0.1844368875026703,0.0,0.0,0.436286902653197
52,1770809656.7781417,2,-1.1288923025131226,1.0920116901397705,0.0,0.0,1.570632790334933
52,1770809656.7781417,3,-1.1561602354049683,2.002528190612793,0.0,0.0,2.31232040256765
52,1770809656.7781417,4,-1.259778380393982,3.441480875015259,0.0,0.0,3.664809978812527
52,1770809656.7781417,5,-1.589720368385315,4.34282112121582,0.0,0.0,4.624641190464118
52,1770809656.7781417,6,-1.4111154079437256,4.8147735595703125,0.0,0.0,5.017299186262821
52,1770809656.7781417,7,3.2885124683380127,4.8336591720581055,0.0,0.0,5.84624454210017
52,1770809656.7781417,8,3.3607723712921143,5.359618186950684,0.0,0.0,6.326159817893708
52,1770809656.7781417,9,3.762974262237549,7.0910964012146,0.0,0.0,8.027678585343391
52,1770809656.7781417,10,0.0,3.839324712753296,0.0,0.4869302809238434,3.839324712753296
53,1770809656.8764348,0,0.2863132655620575,0.10627498477697372,0.0,0.0,0.305400816020775
53,1770809656.8764348,1,-0.3953849971294403,0.1844368875026703,0.0,0.0,0.436286902653197
53,1770809656.8764348,2,-1.1288923025131226,1.0920116901397705,0.0,0.0,1.570632790334933
53,1770809656.8764348,3,-1.1561602354049683,2.002528190612793,0.0,0.0,2.31232040256765
53,1770809656.8764348,4,-1.259778380393982,3.441480875015259,0.0,0.0,3.664809978812527
53,1770809656.8764348,5,-1.7342402935028076,4.28715705871582,0.0,0.0,4.624641071662274
53,1770809656.8764348,6,-1.4111154079437256,4.8147735595703125,0.0,0.0,5.017299186262821
53,1770809656.8764348,7,3.471207618713379,4.7041778564453125,0.0,0.0,5.846244233461704
53,1770809656.8764348,8,3.3607723712921143,5.359618186950684,0.0,0.0,6.326159817893708
53,1770809656.8764348,9,3.762974262237549,7.0910964012146,0.0,0.0,8.027678585343391
53,1770809656.8764348,10,0.0,3.839324712753296,0.0,0.6086628437042236,3.839324712753296
54,1770809656.9780896,0,0.2863132655620575,0.10627498477697372,0.0,0.0,0.305400816020775
54,1770809656.9780896,1,-0.3953849971294403,0.1844368875026703,0.0,0.0,0.436286902653197
54,1770809656.9780896,2,-1.1288923025131226,1.0920116901397705,0.0,0.0,1.570632790334933
54,1770809656.9780896,3,-1.1561602354049683,2.002528190612793,0.0,0.0,2.31232040256765
54,1770809656.9780896,4,-1.259778380393982,3.441480875015259,0.0,0.0,3.664809978812527
54,1770809656.9780896,5,-1.589720368385315,4.34282112121582,0.0,0.0,4.624641190464118
54,1770809656.9780896,6,-1.4111154079437256,4.8147735595703125,0.0,0.0,5.017299186262821
54,1770809656.9780896,7,3.471207618713379,4.7041778564453125,0.0,0.0,5.846244233461704
54,1770809656.9780896,8,3.3607723712921143,5.359618186950684,0.0,0.0,6.326159817893708
54,1770809656.9780896,9,3.762974262237549,7.0910964012146,0.0,0.0,8.027678585343391
54,1770809656.9780896,10,-0.12270569056272507,3.924664258956909,0.0,0.4869302809238434,3.9265820037317773
54,1770809656.9780896,11,0.0,3.882953405380249,0.0,0.6086628437042236,3.882953405380249
54,1770809656.9780896,12,0.12679587304592133,4.05548620223999,0.0,0.6086628437042236,4.057467871712654
54,1770809656.9780896,13,-0.40083855390548706,4.256780624389648,0.0,0.6086628437042236,4.275611398440715
55,1770809657.0747507,0,0.2863132655620575,0.10627498477697372,0.0,0.0,0.305400816020775
55,1770809657.0747507,1,-0.3953849971294403,0.1844368875026703,0.0,0.0,0.436286902653197
55,1770809657.0747507,2,-1.1288923025131226,1.0920116901397705,0.0,0.0,1.570632790334933
55,1770809657.0747507,3,-1.1561602354049683,2.002528190612793,0.0,0.0,2.31232040256765
55,1770809657.0747507,4,-1.259778380393982,3.441480875015259,0.0,0.0,3.664809978812527
55,1770809657.0747507,5,-1.589720368385315,4.34282112121582,0.0,0.0,4.624641190464118
55,1770809657.0747507,6,-1.4111154079437256,4.8147735595703125,0.0,0.0,5.017299186262821
55,1770809657.0747507,7,3.471207618713379,4.7041778564453125,0.0,0.0,5.846244233461704
55,1770809657.0747507,8,3.3607723712921143,5.359618186950684,0.0,0.0,6.326159817893708
55,1770809657.0747507,9,3.762974262237549,7.0910964012146,0.0,0.0,8.027678585343391
55,1770809657.0747507,10,0.2481381744146347,3.962448835372925,0.0,0.7303954362869263,3.9702107408234735
55,1770809657.0747507,11,-1.9632909297943115,3.699702262878418,0.0,0.7303954362869263,4.188353866253459
56,1770809657.181061,0,0.2863132655620575,0.10627498477697372,0.0,0.0,0.305400816020775
56,1770809657.181061,1,-0.3953849971294403,0.1844368875026703,0.0,0.0,0.436286902653197
56,1770809657.181061,2,-1.1288923025131226,1.0920116901397705,0.0,0.0,1.570632790334933
56,1770809657.181061,3,-1.1561602354049683,2.002528190612793,0.0,0.0,2.31232040256765
56,1770809657.181061,4,-1.259778380393982,3.441480875015259,0.0,0.0,3.664809978812527
56,1770809657.181061,5,-1.589720368385315,4.34282112121582,0.0,0.0,4.624641190464118
56,1770809657.181061,6,-1.4111154079437256,4.8147735595703125,0.0,0.0,5.017299186262821
56,1770809657.181061,7,3.471207618713379,4.7041778564453125,0.0,0.0,5.846244233461704
56,1770809657.181061,8,3.3607723712921143,5.359618186950684,0.0,0.0,6.326159817893708
56,1770809657.181061,9,3.762974262237549,7.0910964012146,0.0,0.0,8.027678585343391
56,1770809657.181061,10,0.26449891924858093,4.2237091064453125,0.0,0.7303954362869263,4.23198278519097
56,1770809657.181061,11,-1.8514924049377441,3.805476665496826,0.0,0.7303954362869263,4.231982605964135
57,1770809657.2794867,0,0.2863132655620575,0.10627498477697372,0.0,0.0,0.305400816020775
57,1770809657.2794867,1,-0.3953849971294403,0.1844368875026703,0.0,0.0,0.436286902653197
57,1770809657.2794867,2,-1.1288923025131226,1.0920116901397705,0.0,0.0,1.570632790334933
57,1770809657.2794867,3,-1.1561602354049683,2.002528190612793,0.0,0.0,2.31232040256765
57,1770809657.2794867,4,-1.259778380393982,3.441480875015259,0.0,0.0,3.664809978812527
57,1770809657.2794867,5,-1.589720368385315,4.34282112121582,0.0,0.0,4.624641190464118
57,1770809657.2794867,6,-1.4111154079437256,4.8147735595703125,0.0,0.0,5.017299186262821
57,1770809657.2794867,7,3.471207618713379,4.7041778564453125,0.0,0.0,5.846244233461704
57,1770809657.2794867,8,3.3607723712921143,5.359618186950684,0.0,0.0,6.326159817893708
57,1770809657.2794867,9,3.762974262237549,7.0910964012146,0.0,0.0,8.027678585343391
57,1770809657.2794867,10,0.1295226663351059,4.142700672149658,0.0,0.8521279692649841,4.144724958320369
57,1770809657.2794867,11,-0.40901893377304077,4.343653678894043,0.0,0.8521279692649841,4.362868754656113
57,1770809657.2794867,12,-2.0450947284698486,3.8538565635681152,0.0,0.8521279692649841,4.362868650437715
57,1770809657.2794867,13,-2.3873071670532227,3.8071770668029785,0.0,0.8521279692649841,4.49375485845125
58,1770809657.377904,0,0.2863132655620575,0.10627498477697372,0.0,0.0,0.305400816020775
58,1770809657.377904,1,-0.3953849971294403,0.1844368875026703,0.0,0.0,0.436286902653197
58,1770809657.377904,2,-1.1288923025131226,1.0920116901397705,0.0,0.0,1.570632790334933
58,1770809657.377904,3,-1.1561602354049683,2.002528190612793,0.0,0.0,2.31232040256765
58,1770809657.377904,4,-1.259778380393982,3.441480875015259,0.0,0.0,3.664809978812527
58,1770809657.377904,5,-1.589720368385315,4.34282112121582,0.0,0.0,4.624641190464118
58,1770809657.377904,6,-1.4111154079437256,4.8147735595703125,0.0,0.0,5.017299186262821
58,1770809657.377904,7,3.471207618713379,4.7041778564453125,0.0,0.0,5.846244233461704
58,1770809657.377904,8,3.3607723712921143,5.359618186950684,0.0,0.0,6.326159817893708
58,1770809657.377904,9,3.762974262237549,7.0910964012146,0.0,0.0,8.027678585343391
59,1770809657.4733453,0,0.2863132655620575,0.10627498477697372,0.0,0.0,0.305400816020775
59,1770809657.4733453,1,-0.3953849971294403,0.1844368875026703,0.0,0.0,0.436286902653197
59,1770809657.4733453,2,-1.1288923025131226,1.0920116901397705,0.0,0.0,1.570632790334933
59,1770809657.4733453,3,-1.1561602354049683,2.002528190612793,0.0,0.0,2.31232040256765
59,1770809657.4733453,4,-1.259778380393982,3.441480875015259,0.0,0.0,3.664809978812527
59,1770809657.4733453,5,-1.589720368385315,4.34282112121582,0.0,0.0,4.624641190464118
59,1770809657.4733453,6,-1.4111154079437256,4.8147735595703125,0.0,0.0,5.017299186262821
59,1770809657.4733453,7,3.471207618713379,4.7041778564453125,0.0,0.0,5.846244233461704
59,1770809657.4733453,8,3.3607723712921143,5.359618186950684,0.0,0.0,6.326159817893708
59,1770809657.4733453,9,3.762974262237549,7.0910964012146,0.0,0.0,8.027678585343391
60,1770809657.5784206,0,0.2863132655620575,0.10627498477697372,0.0,0.0,0.305400816020775
60,1770809657.5784206,1,-0.3953849971294403,0.1844368875026703,0.0,0.0,0.436286902653197
60,1770809657.5784206,2,-1.1288923025131226,1.0920116901397705,0.0,0.0,1.570632790334933
60,1770809657.5784206,3,-1.1561602354049683,2.002528190612793,0.0,0.0,2.31232040256765
60,1770809657.5784206,4,-1.259778380393982,3.441480875015259,0.0,0.0,3.664809978812527
60,1770809657.5784206,5,-1.589720368385315,4.34282112121582,0.0,0.0,4.624641190464118
60,1770809657.5784206,6,-1.4111154079437256,4.8147735595703125,0.0,0.0,5.017299186262821
60,1770809657.5784206,7,3.471207618713379,4.7041778564453125,0.0,0.0,5.846244233461704
60,1770809657.5784206,8,3.3607723712921143,5.359618186950684,0.0,0.0,6.326159817893708
60,1770809657.5784206,9,3.762974262237549,7.0910964012146,0.0,0.0,8.027678585343391
61,1770809657.854984,0,0.2863132655620575,0.10627498477697372,0.0,0.0,0.305400816020775
61,1770809657.854984,1,-0.3953849971294403,0.1844368875026703,0.0,0.0,0.436286902653197
61,1770809657.854984,2,-1.1288923025131226,1.0920116901397705,0.0,0.0,1.570632790334933
61,1770809657.854984,3,-1.1561602354049683,2.002528190612793,0.0,0.0,2.31232040256765
61,1770809657.854984,4,-1.259778380393982,3.441480875015259,0.0,0.0,3.664809978812527
61,1770809657.854984,5,-1.589720368385315,4.34282112121582,0.0,0.0,4.624641190464118
61,1770809657.854984,6,-1.4111154079437256,4.8147735595703125,0.0,0.0,5.017299186262821
61,1770809657.854984,7,3.471207618713379,4.7041778564453125,0.0,0.0,5.846244233461704
61,1770809657.854984,8,3.3607723712921143,5.359618186950684,0.0,0.0,6.326159817893708
61,1770809657.854984,9,3.762974262237549,7.0910964012146,0.0,0.0,8.027678585343391
62,1770809657.8599856,0,0.2863132655620575,0.10627498477697372,0.0,0.0,0.305400816020775
62,1770809657.8599856,1,-0.3953849971294403,0.1844368875026703,0.0,0.0,0.436286902653197
62,1770809657.8599856,2,-1.1288923025131226,1.0920116901397705,0.0,0.0,1.570632790334933
62,1770809657.8599856,3,-1.1561602354049683,2.002528190612793,0.0,0.0,2.31232040256765
62,1770809657.8599856,4,-1.259778380393982,3.441480875015259,0.0,0.0,3.664809978812527
62,1770809657.8599856,5,-1.589720368385315,4.34282112121582,0.0,0.0,4.624641190464118
62,1770809657.8599856,6,-1.4111154079437256,4.8147735595703125,0.0,0.0,5.017299186262821
62,1770809657.8599856,7,3.471207618713379,4.7041778564453125,0.0,0.0,5.846244233461704
62,1770809657.8599856,8,3.3607723712921143,5.359618186950684,0.0,0.0,6.326159817893708
62,1770809657.8599856,9,3.762974262237549,7.0910964012146,0.0,0.0,8.027678585343391
62,1770809657.8599856,10,0.14179323613643646,4.535167217254639,0.0,0.8521279692649841,4.537383277867898
63,1770809658.004078,0,0.2863132655620575,0.10627498477697372,0.0,0.0,0.305400816020775
63,1770809658.004078,1,-0.3953849971294403,0.1844368875026703,0.0,0.0,0.436286902653197
63,1770809658.004078,2,-1.1288923025131226,1.0920116901397705,0.0,0.0,1.570632790334933
63,1770809658.004078,3,-1.1561602354049683,2.002528190612793,0.0,0.0,2.31232040256765
63,1770809658.004078,4,-1.259778380393982,3.441480875015259,0.0,0.0,3.664809978812527
63,1770809658.004078,5,-1.589720368385315,4.34282112121582,0.0,0.0,4.624641190464118
63,1770809658.004078,6,-1.4111154079437256,4.8147735595703125,0.0,0.0,5.017299186262821
63,1770809658.004078,7,3.471207618713379,4.7041778564453125,0.0,0.0,5.846244233461704
63,1770809658.004078,8,3.3607723712921143,5.359618186950684,0.0,0.0,6.326159817893708
63,1770809658.004078,9,3.762974262237549,7.0910964012146,0.0,0.0,8.027678585343391
63,1770809658.004078,10,0.14997361600399017,4.796811580657959,0.0,0.8521279692649841,4.799155490899583
63,1770809658.004078,11,-0.8753005266189575,4.585475921630859,0.0,-0.9738605618476868,4.668269533751859
63,1770809658.004078,12,0.8753005266189575,4.585475921630859,0.0,-0.9738605618476868,4.668269533751859
65,1770809658.0764854,0,0.2863132655620575,0.10627498477697372,0.0,0.0,0.305400816020775
65,1770809658.0764854,1,-0.3953849971294403,0.1844368875026703,0.0,0.0,0.436286902653197
65,1770809658.0764854,2,-1.1288923025131226,1.0920116901397705,0.0,0.0,1.570632790334933
65,1770809658.0764854,3,-1.1561602354049683,2.002528190612793,0.0,0.0,2.31232040256765
65,1770809658.0764854,4,-1.259778380393982,3.441480875015259,0.0,0.0,3.664809978812527
65,1770809658.0764854,5,-1.589720368385315,4.34282112121582,0.0,0.0,4.624641190464118
65,1770809658.0764854,6,-1.4111154079437256,4.8147735595703125,0.0,0.0,5.017299186262821
65,1770809658.0764854,7,3.471207618713379,4.7041778564453125,0.0,0.0,5.846244233461704
65,1770809658.0764854,8,3.3607723712921143,5.359618186950684,0.0,0.0,6.326159817893708
65,1770809658.0764854,9,3.762974262237549,7.0910964012146,0.0,0.0,8.027678585343391
66,1770809658.1775308,0,0.2863132655620575,0.10627498477697372,0.0,0.0,0.305400816020775
66,1770809658.1775308,1,-0.3953849971294403,0.1844368875026703,0.0,0.0,0.436286902653197
66,1770809658.1775308,2,-1.1288923025131226,1.0920116901397705,0.0,0.0,1.570632790334933
66,1770809658.1775308,3,-1.1561602354049683,2.002528190612793,0.0,0.0,2.31232040256765
66,1770809658.1775308,4,-1.259778380393982,3.441480875015259,0.0,0.0,3.664809978812527
66,1770809658.1775308,5,-1.589720368385315,4.34282112121582,0.0,0.0,4.624641190464118
66,1770809658.1775308,6,-1.4111154079437256,4.8147735595703125,0.0,0.0,5.017299186262821
66,1770809658.1775308,7,3.471207618713379,4.7041778564453125,0.0,0.0,5.846244233461704
66,1770809658.1775308,8,3.3607723712921143,5.359618186950684,0.0,0.0,6.326159817893708
66,1770809658.1775308,9,3.762974262237549,7.0910964012146,0.0,0.0,8.027678585343391
66,1770809658.1775308,10,0.3026740252971649,4.833316326141357,0.0,0.7303954362869263,4.842784144904063
67,1770809658.2778833,0,0.2863132655620575,0.10627498477697372,0.0,0.0,0.305400816020775
67,1770809658.2778833,1,-0.3953849971294403,0.1844368875026703,0.0,0.0,0.436286902653197
67,1770809658.2778833,2,-1.1288923025131226,1.0920116901397705,0.0,0.0,1.570632790334933
67,1770809658.2778833,3,-1.1561602354049683,2.002528190612793,0.0,0.0,2.31232040256765
67,1770809658.2778833,4,-1.259778380393982,3.441480875015259,0.0,0.0,3.664809978812527
67,1770809658.2778833,5,-1.589720368385315,4.34282112121582,0.0,0.0,4.624641190464118
67,1770809658.2778833,6,-1.4111154079437256,4.8147735595703125,0.0,0.0,5.017299186262821
67,1770809658.2778833,7,3.471207618713379,4.7041778564453125,0.0,0.0,5.846244233461704
67,1770809658.2778833,8,3.3607723712921143,5.359618186950684,0.0,0.0,6.326159817893708
67,1770809658.2778833,9,3.762974262237549,7.0910964012146,0.0,0.0,8.027678585343391
68,1770809658.3789136,0,0.2863132655620575,0.10627498477697372,0.0,0.0,0.305400816020775
68,1770809658.3789136,1,-0.3953849971294403,0.1844368875026703,0.0,0.0,0.436286902653197
68,1770809658.3789136,2,-1.1288923025131226,1.0920116901397705,0.0,0.0,1.570632790334933
68,1770809658.3789136,3,-1.1561602354049683,2.002528190612793,0.0,0.0,2.31232040256765
68,1770809658.3789136,4,-1.259778380393982,3.441480875015259,0.0,0.0,3.664809978812527
68,1770809658.3789136,5,-1.589720368385315,4.34282112121582,0.0,0.0,4.624641190464118
68,1770809658.3789136,6,-1.4111154079437256,4.8147735595703125,0.0,0.0,5.017299186262821
68,1770809658.3789136,7,3.471207618713379,4.7041778564453125,0.0,0.0,5.846244233461704
68,1770809658.3789136,8,3.3607723712921143,5.359618186950684,0.0,0.0,6.326159817893708
68,1770809658.3789136,9,3.762974262237549,7.0910964012146,0.0,0.0,8.027678585343391
68,1770809658.3789136,10,6.053480625152588,2.246957302093506,0.0,0.7303954362869263,6.4570461355428685
68,1770809658.3789136,11,3.8338711261749268,5.195659637451172,0.0,0.7303954362869263,6.457046296903642
68,1770809658.3789136,12,0.3135811984539032,5.007490158081055,0.0,0.8521279692649841,5.017299159039893
69,1770809658.4771338,0,0.2863132655620575,0.10627498477697372,0.0,0.0,0.305400816020775
69,1770809658.4771338,1,-0.3953849971294403,0.1844368875026703,0.0,0.0,0.436286902653197
69,1770809658.4771338,2,-1.1288923025131226,1.0920116901397705,0.0,0.0,1.570632790334933
69,1770809658.4771338,3,-1.1561602354049683,2.002528190612793,0.0,0.0,2.31232040256765
69,1770809658.4771338,4,-1.259778380393982,3.441480875015259,0.0,0.0,3.664809978812527
69,1770809658.4771338,5,-1.589720368385315,4.34282112121582,0.0,0.0,4.624641190464118
69,1770809658.4771338,6,-1.4111154079437256,4.8147735595703125,0.0,0.0,5.017299186262821
69,1770809658.4771338,7,3.471207618713379,4.7041778564453125,0.0,0.0,5.846244233461704
69,1770809658.4771338,8,3.3607723712921143,5.359618186950684,0.0,0.0,6.326159817893708
69,1770809658.4771338,9,3.762974262237549,7.0910964012146,0.0,0.0,8.027678585343391
69,1770809658.4771338,10,0.16360758244991302,5.232885360717773,0.0,0.8521279692649841,5.235442353750969
69,1770809658.4771338,11,-2.5972704887390137,4.894398212432861,0.0,0.8521279692649841,5.540843604862041
69,1770809658.4771338,12,0.6926054358482361,5.497385501861572,0.0,0.8521279692649841,5.5408437665976775
69,1770809658.4771338,13,6.135284423828125,2.2773211002349854,0.0,0.8521279692649841,6.544303351376944
69,1770809658.4771338,14,3.681170701980591,5.4108123779296875,0.0,0.8521279692649841,6.544303501999078
69,1770809658.4771338,15,-3.6075472831726074,4.147887706756592,0.0,-0.9738605618476868,5.497214733680004
70,1770809658.5786724,0,0.2863132655620575,0.10627498477697372,0.0,0.0,0.305400816020775
70,1770809658.5786724,1,-0.3953849971294403,0.1844368875026703,0.0,0.0,0.436286902653197
70,1770809658.5786724,2,-1.1288923025131226,1.0920116901397705,0.0,0.0,1.570632790334933
70,1770809658.5786724,3,-1.1561602354049683,2.002528190612793,0.0,0.0,2.31232040256765
70,1770809658.5786724,4,-1.259778380393982,3.441480875015259,0.0,0.0,3.664809978812527
70,1770809658.5786724,5,-1.589720368385315,4.34282112121582,0.0,0.0,4.624641190464118
70,1770809658.5786724,6,-1.4111154079437256,4.8147735595703125,0.0,0.0,5.017299186262821
70,1770809658.5786724,7,3.471207618713379,4.7041778564453125,0.0,0.0,5.846244233461704
70,1770809658.5786724,8,3.3607723712921143,5.359618186950684,0.0,0.0,6.326159817893708
70,1770809658.5786724,9,3.762974262237549,7.0910964012146,0.0,0.0,8.027678585343391
70,1770809658.5786724,10,0.16360758244991302,5.232885360717773,0.0,0.8521279692649841,5.235442353750969
70,1770809658.5786724,11,6.4243245124816895,1.6448873281478882,0.0,0.8521279692649841,6.631560884435473
71,1770809658.6795185,0,0.2863132655620575,0.10627498477697372,0.0,0.0,0.305400816020775
71,1770809658.6795185,1,-0.3953849971294403,0.1844368875026703,0.0,0.0,0.436286902653197
71,1770809658.6795185,2,-1.1288923025131226,1.0920116901397705,0.0,0.0,1.570632790334933
71,1770809658.6795185,3,-1.1561602354049683,2.002528190612793,0.0,0.0,2.31232040256765
71,1770809658.6795185,4,-1.259778380393982,3.441480875015259,0.0,0.0,3.664809978812527
71,1770809658.6795185,5,-1.589720368385315,4.34282112121582,0.0,0.0,4.624641190464118
71,1770809658.6795185,6,-1.4111154079437256,4.8147735595703125,0.0,0.0,5.017299186262821
71,1770809658.6795185,7,3.471207618713379,4.7041778564453125,0.0,0.0,5.846244233461704
71,1770809658.6795185,8,3.3607723712921143,5.359618186950684,0.0,0.0,6.326159817893708
71,1770809658.6795185,9,3.762974262237549,7.0910964012146,0.0,0.0,8.027678585343391
71,1770809658.6795185,10,0.3299419581890106,5.2687506675720215,0.0,0.7303954362869263,5.279071442291174
71,1770809658.6795185,11,6.25799036026001,2.322866678237915,0.0,0.7303954362869263,6.6751893571624805
71,1770809658.6795185,12,3.754794120788574,5.519028663635254,0.0,0.7303954362869263,6.675189606261082
72,1770809658.776846,0,0.2863132655620575,0.10627498477697372,0.0,0.0,0.305400816020775
72,1770809658.776846,1,-0.3953849971294403,0.1844368875026703,0.0,0.0,0.436286902653197
72,1770809658.776846,2,-1.1288923025131226,1.0920116901397705,0.0,0.0,1.570632790334933
72,1770809658.776846,3,-1.1561602354049683,2.002528190612793,0.0,0.0,2.31232040256765
72,1770809658.776846,4,-1.259778380393982,3.441480875015259,0.0,0.0,3.664809978812527
72,1770809658.776846,5,-1.589720368385315,4.34282112121582,0.0,0.0,4.624641190464118
72,1770809658.776846,6,-1.4111154079437256,4.8147735595703125,0.0,0.0,5.017299186262821
72,1770809658.776846,7,3.471207618713379,4.7041778564453125,0.0,0.0,5.846244233461704
72,1770809658.776846,8,3.3607723712921143,5.359618186950684,0.0,0.0,6.326159817893708
72,1770809658.776846,9,3.762974262237549,7.0910964012146,0.0,0.0,8.027678585343391
73,1770809658.878848,0,0.2863132655620575,0.10627498477697372,0.0,0.0,0.305400816020775
73,1770809658.878848,1,-0.3953849971294403,0.1844368875026703,0.0,0.0,0.436286902653197
73,1770809658.878848,2,-1.1288923025131226,1.0920116901397705,0.0,0.0,1.570632790334933
73,1770809658.878848,3,-1.1561602354049683,2.002528190612793,0.0,0.0,2.31232040256765
73,1770809658.878848,4,-1.259778380393982,3.441480875015259,0.0,0.0,3.664809978812527
73,1770809658.878848,5,-1.589720368385315,4.34282112121582,0.0,0.0,4.624641190464118
73,1770809658.878848,6,-1.4111154079437256,4.8147735595703125,0.0,0.0,5.017299186262821
73,1770809658.878848,7,3.471207618713379,4.7041778564453125,0.0,0.0,5.846244233461704
73,1770809658.878848,8,3.3607723712921143,5.359618186950684,0.0,0.0,6.326159817893708
73,1770809658.878848,9,3.762974262237549,7.0910964012146,0.0,0.0,8.027678585343391
74,1770809658.9771314,0,0.2863132655620575,0.10627498477697372,0.0,0.0,0.305400816020775
74,1770809658.9771314,1,-0.3953849971294403,0.1844368875026703,0.0,0.0,0.436286902653197
74,1770809658.9771314,2,-1.1288923025131226,1.0920116901397705,0.0,0.0,1.570632790334933
74,1770809658.9771314,3,-1.1561602354049683,2.002528190612793,0.0,0.0,2.31232040256765
74,1770809658.9771314,4,-1.259778380393982,3.441480875015259,0.0,0.0,3.664809978812527
74,1770809658.9771314,5,-1.589720368385315,4.34282112121582,0.0,0.0,4.624641190464118
74,1770809658.9771314,6,-1.4111154079437256,4.8147735595703125,0.0,0.0,5.017299186262821
74,1770809658.9771314,7,3.471207618713379,4.7041778564453125,0.0,0.0,5.846244233461704
74,1770809658.9771314,8,3.3607723712921143,5.359618186950684,0.0,0.0,6.326159817893708
74,1770809658.9771314,9,3.762974262237549,7.0910964012146,0.0,0.0,8.027678585343391
74,1770809658.9771314,10,0.17315135896205902,5.538137435913086,0.0,0.2434651404619217,5.540843586690783
74,1770809658.9771314,11,0.1745147556066513,5.58174467086792,0.0,0.6086628437042236,5.58447212999464
74,1770809658.9771314,12,6.720181465148926,1.7206388711929321,0.0,0.6086628437042236,6.936961658362489
74,1770809658.9771314,13,4.118821144104004,5.581823348999023,0.0,0.6086628437042236,6.936961836175033
74,1770809658.9771314,14,-0.8793907761573792,5.558973789215088,0.0,-0.9738605618476868,5.628100721057773
75,1770809659.0744796,0,0.2863132655620575,0.10627498477697372,0.0,0.0,0.305400816020775
75,1770809659.0744796,1,-0.3953849971294403,0.1844368875026703,0.0,0.0,0.436286902653197
75,1770809659.0744796,2,-1.1288923025131226,1.0920116901397705,0.0,0.0,1.570632790334933
75,1770809659.0744796,3,-1.1561602354049683,2.002528190612793,0.0,0.0,2.31232040256765
75,1770809659.0744796,4,-1.259778380393982,3.441480875015259,0.0,0.0,3.664809978812527
75,1770809659.0744796,5,-1.589720368385315,4.34282112121582,0.0,0.0,4.624641190464118
75,1770809659.0744796,6,-1.4111154079437256,4.8147735595703125,0.0,0.0,5.017299186262821
75,1770809659.0744796,7,3.471207618713379,4.7041778564453125,0.0,0.0,5.846244233461704
75,1770809659.0744796,8,3.3607723712921143,5.359618186950684,0.0,0.0,6.326159817893708
75,1770809659.0744796,9,3.762974262237549,7.0910964012146,0.0,0.0,8.027678585343391
75,1770809659.0744796,10,-0.8862077593803406,5.602066993713379,0.0,-0.9738605618476868,5.671729788595255
76,1770809659.178532,0,0.2863132655620575,0.10627498477697372,0.0,0.0,0.305400816020775
76,1770809659.178532,1,-0.3953849971294403,0.1844368875026703,0.0,0.0,0.436286902653197
76,1770809659.178532,2,-1.1288923025131226,1.0920116901397705,0.0,0.0,1.570632790334933
76,1770809659.178532,3,-1.1561602354049683,2.002528190612793,0.0,0.0,2.31232040256765
76,1770809659.178532,4,-1.259778380393982,3.441480875015259,0.0,0.0,3.664809978812527
76,1770809659.178532,5,-1.589720368385315,4.34282112121582,0.0,0.0,4.624641190464118
76,1770809659.178532,6,-1.4111154079437256,4.8147735595703125,0.0,0.0,5.017299186262821
76,1770809659.178532,7,3.471207618713379,4.7041778564453125,0.0,0.0,5.846244233461704
76,1770809659.178532,8,3.3607723712921143,5.359618186950684,0.0,0.0,6.326159817893708
76,1770809659.178532,9,3.762974262237549,7.0910964012146,0.0,0.0,8.027678585343391
76,1770809659.178532,10,-0.9271096587181091,5.860623836517334,0.0,-0.9738605618476868,5.933501838918023
76,1770809659.178532,11,1.1125315427780151,5.828268527984619,0.0,-0.9738605618476868,5.93350153517904
76,1770809659.178532,12,-0.8998417258262634,5.6882524490356445,0.0,-0.8521279692649841,5.758986981709369
76,1770809659.178532,13,1.259778380393982,5.619509696960449,0.0,-0.8521279692649841,5.758986959695307
76,1770809659.178532,14,5.555840969085693,4.439113616943359,0.0,-0.7303954362869263,7.111476539924955
77,1770809659.2775586,0,0.2863132655620575,0.10627498477697372,0.0,0.0,0.305400816020775
77,1770809659.2775586,1,-0.3953849971294403,0.1844368875026703,0.0,0.0,0.436286902653197
77,1770809659.2775586,2,-1.1288923025131226,1.0920116901397705,0.0,0.0,1.570632790334933
77,1770809659.2775586,3,-1.1561602354049683,2.002528190612793,0.0,0.0,2.31232040256765
77,1770809659.2775586,4,-1.259778380393982,3.441480875015259,0.0,0.0,3.664809978812527
77,1770809659.2775586,5,-1.589720368385315,4.34282112121582,0.0,0.0,4.624641190464118
77,1770809659.2775586,6,-1.4111154079437256,4.8147735595703125,0.0,0.0,5.017299186262821
77,1770809659.2775586,7,3.471207618713379,4.7041778564453125,0.0,0.0,5.846244233461704
77,1770809659.2775586,8,3.3607723712921143,5.359618186950684,0.0,0.0,6.326159817893708
77,1770809659.2775586,9,3.762974262237549,7.0910964012146,0.0,0.0,8.027678585343391
77,1770809659.2775586,10,4.222439289093018,5.722246170043945,0.0,0.7303954362869263,7.111476272944946
77,1770809659.2775586,11,6.889242649078369,1.7639249563217163,0.0,0.7303954362869263,7.111476325589147
78,1770809659.3760962,0,0.2863132655620575,0.10627498477697372,0.0,0.0,0.305400816020775
78,1770809659.3760962,1,-0.3953849971294403,0.1844368875026703,0.0,0.0,0.436286902653197
78,1770809659.3760962,2,-1.1288923025131226,1.0920116901397705,0.0,0.0,1.570632790334933
78,1770809659.3760962,3,-1.1561602354049683,2.002528190612793,0.0,0.0,2.31232040256765
78,1770809659.3760962,4,-1.259778380393982,3.441480875015259,0.0,0.0,3.664809978812527
78,1770809659.3760962,5,-1.589720368385315,4.34282112121582,0.0,0.0,4.624641190464118
78,1770809659.3760962,6,-1.4111154079437256,4.8147735595703125,0.0,0.0,5.017299186262821
78,1770809659.3760962,7,3.471207618713379,4.7041778564453125,0.0,0.0,5.846244233461704
78,1770809659.3760962,8,3.3607723712921143,5.359618186950684,0.0,0.0,6.326159817893708
78,1770809659.3760962,9,3.762974262237549,7.0910964012146,0.0,0.0,8.027678585343391
78,1770809659.3760962,10,4.274248123168945,5.792458534240723,0.0,0.7303954362869263,7.198734117142502
78,1770809659.3760962,11,6.97377347946167,1.7855675220489502,0.0,0.7303954362869263,7.198733771896205
79,1770809659.4762518,0,0.2863132655620575,0.10627498477697372,0.0,0.0,0.305400816020775
79,1770809659.4762518,1,-0.3953849971294403,0.1844368875026703,0.0,0.0,0.436286902653197
79,1770809659.4762518,2,-1.1288923025131226,1.0920116901397705,0.0,0.0,1.570632790334933
79,1770809659.4762518,3,-1.1561602354049683,2.002528190612793,0.0,0.0,2.31232040256765
79,1770809659.4762518,4,-1.259778380393982,3.441480875015259,0.0,0.0,3.664809978812527
79,1770809659.4762518,5,-1.589720368385315,4.34282112121582,0.0,0.0,4.624641190464118
79,1770809659.4762518,6,-1.4111154079437256,4.8147735595703125,0.0,0.0,5.017299186262821
79,1770809659.4762518,7,3.471207618713379,4.7041778564453125,0.0,0.0,5.846244233461704
79,1770809659.4762518,8,3.3607723712921143,5.359618186950684,0.0,0.0,6.326159817893708
79,1770809659.4762518,9,3.762974262237549,7.0910964012146,0.0,0.0,8.027678585343391
80,1770809659.5762465,0,0.2863132655620575,0.10627498477697372,0.0,0.0,0.305400816020775
80,1770809659.5762465,1,-0.3953849971294403,0.1844368875026703,0.0,0.0,0.436286902653197
80,1770809659.5762465,2,-1.1288923025131226,1.0920116901397705,0.0,0.0,1.570632790334933
80,1770809659.5762465,3,-1.1561602354049683,2.002528190612793,0.0,0.0,2.31232040256765
80,1770809659.5762465,4,-1.259778380393982,3.441480875015259,0.0,0.0,3.664809978812527
80,1770809659.5762465,5,-1.589720368385315,4.34282112121582,0.0,0.0,4.624641190464118
80,1770809659.5762465,6,-1.4111154079437256,4.8147735595703125,0.0,0.0,5.017299186262821
80,1770809659.5762465,7,3.471207618713379,4.7041778564453125,0.0,0.0,5.846244233461704
80,1770809659.5762465,8,3.3607723712921143,5.359618186950684,0.0,0.0,6.326159817893708
80,1770809659.5762465,9,3.762974262237549,7.0910964012146,0.0,0.0,8.027678585343391
80,1770809659.5762465,10,1.33612859249115,5.960085868835449,0.0,-0.9738605618476868,6.108016304788682
81,1770809659.677174,0,0.2863132655620575,0.10627498477697372,0.0,0.0,0.305400816020775
81,1770809659.677174,1,-0.3953849971294403,0.1844368875026703,0.0,0.0,0.436286902653197
81,1770809659.677174,2,-1.1288923025131226,1.0920116901397705,0.0,0.0,1.570632790334933
81,1770809659.677174,3,-1.1561602354049683,2.002528190612793,0.0,0.0,2.31232040256765
81,1770809659.677174,4,-1.259778380393982,3.441480875015259,0.0,0.0,3.664809978812527
81,1770809659.677174,5,-1.589720368385315,4.34282112121582,0.0,0.0,4.624641190464118
81,1770809659.677174,6,-1.4111154079437256,4.8147735595703125,0.0,0.0,5.017299186262821
81,1770809659.677174,7,3.471207618713379,4.7041778564453125,0.0,0.0,5.846244233461704
81,1770809659.677174,8,3.3607723712921143,5.359618186950684,0.0,0.0,6.326159817893708
81,1770809659.677174,9,3.762974262237549,7.0910964012146,0.0,0.0,8.027678585343391
81,1770809659.677174,10,-0.9748285412788391,6.162273406982422,0.0,-0.8521279692649841,6.238902485797849
82,1770809659.7803752,0,0.2863132655620575,0.10627498477697372,0.0,0.0,0.305400816020775
82,1770809659.7803752,1,-0.3953849971294403,0.1844368875026703,0.0,0.0,0.436286902653197
82,1770809659.7803752,2,-1.1288923025131226,1.0920116901397705,0.0,0.0,1.570632790334933
82,1770809659.7803752,3,-1.1561602354049683,2.002528190612793,0.0,0.0,2.31232040256765
82,1770809659.7803752,4,-1.259778380393982,3.441480875015259,0.0,0.0,3.664809978812527
82,1770809659.7803752,5,-1.589720368385315,4.34282112121582,0.0,0.0,4.624641190464118
82,1770809659.7803752,6,-1.4111154079437256,4.8147735595703125,0.0,0.0,5.017299186262821
82,1770809659.7803752,7,3.471207618713379,4.7041778564453125,0.0,0.0,5.846244233461704
82,1770809659.7803752,8,3.3607723712921143,5.359618186950684,0.0,0.0,6.326159817893708
82,1770809659.7803752,9,3.762974262237549,7.0910964012146,0.0,0.0,8.027678585343391
82,1770809659.7803752,10,-0.988462507724762,6.2484588623046875,0.0,-0.9738605618476868,6.326159678911963
82,1770809659.7803752,11,1.3838474750518799,6.172945976257324,0.0,-0.9738605618476868,6.326159645472042
83,1770809659.876119,0,0.2863132655620575,0.10627498477697372,0.0,0.0,0.305400816020775
83,1770809659.876119,1,-0.3953849971294403,0.1844368875026703,0.0,0.0,0.436286902653197
83,1770809659.876119,2,-1.1288923025131226,1.0920116901397705,0.0,0.0,1.570632790334933
83,1770809659.876119,3,-1.1561602354049683,2.002528190612793,0.0,0.0,2.31232040256765
83,1770809659.876119,4,-1.259778380393982,3.441480875015259,0.0,0.0,3.664809978812527
83,1770809659.876119,5,-1.589720368385315,4.34282112121582,0.0,0.0,4.624641190464118
83,1770809659.876119,6,-1.4111154079437256,4.8147735595703125,0.0,0.0,5.017299186262821
83,1770809659.876119,7,3.471207618713379,4.7041778564453125,0.0,0.0,5.846244233461704
83,1770809659.876119,8,3.3607723712921143,5.359618186950684,0.0,0.0,6.326159817893708
83,1770809659.876119,9,3.762974262237549,7.0910964012146,0.0,0.0,8.027678585343391
83,1770809659.876119,10,-7.710007190704346,3.5965187549591064,0.0,0.7303954362869263,8.507594139090399
83,1770809659.876119,11,-4.519659519195557,7.207762241363525,0.0,0.7303954362869263,8.507594177996548
86,1770809660.1775472,0,0.2863132655620575,0.10627498477697372,0.0,0.0,0.305400816020775
86,1770809660.1775472,1,-0.3953849971294403,0.1844368875026703,0.0,0.0,0.436286902653197
86,1770809660.1775472,2,-1.1288923025131226,1.0920116901397705,0.0,0.0,1.570632790334933
86,1770809660.1775472,3,-1.1561602354049683,2.002528190612793,0.0,0.0,2.31232040256765
86,1770809660.1775472,4,-1.259778380393982,3.441480875015259,0.0,0.0,3.664809978812527
86,1770809660.1775472,5,-1.589720368385315,4.34282112121582,0.0,0.0,4.624641190464118
86,1770809660.1775472,6,-1.4111154079437256,4.8147735595703125,0.0,0.0,5.017299186262821
86,1770809660.1775472,7,3.471207618713379,4.7041778564453125,0.0,0.0,5.846244233461704
86,1770809660.1775472,8,3.3607723712921143,5.359618186950684,0.0,0.0,6.326159817893708
86,1770809660.1775472,9,3.762974262237549,7.0910964012146,0.0,0.0,8.027678585343391
86,1770809660.1775472,10,4.466486930847168,6.56511926651001,0.0,0.7303954362869263,7.9404216819341205
86,1770809660.1775472,11,7.444145202636719,2.7631499767303467,0.0,0.7303954362869263,7.940421625571541
86,1770809660.1775472,12,-7.947237968444824,3.707181453704834,0.0,0.8521279692649841,8.76936632019578
86,1770809660.1775472,13,-4.93276834487915,7.250488758087158,0.0,0.8521279692649841,8.769366611984589
86,1770809660.1775472,14,-0.8398522734642029,6.666120529174805,0.0,-0.9738605618476868,6.718817957850083
87,1770809660.2787418,0,0.2863132655620575,0.10627498477697372,0.0,0.0,0.305400816020775
87,1770809660.2787418,1,-0.3953849971294403,0.1844368875026703,0.0,0.0,0.436286902653197
87,1770809660.2787418,2,-1.1288923025131226,1.0920116901397705,0.0,0.0,1.570632790334933
87,1770809660.2787418,3,-1.1561602354049683,2.002528190612793,0.0,0.0,2.31232040256765
87,1770809660.2787418,4,-1.259778380393982,3.441480875015259,0.0,0.0,3.664809978812527
87,1770809660.2787418,5,-1.589720368385315,4.34282112121582,0.0,0.0,4.624641190464118
87,1770809660.2787418,6,-1.4111154079437256,4.8147735595703125,0.0,0.0,5.017299186262821
87,1770809660.2787418,7,3.471207618713379,4.7041778564453125,0.0,0.0,5.846244233461704
87,1770809660.2787418,8,3.3607723712921143,5.359618186950684,0.0,0.0,6.326159817893708
87,1770809660.2787418,9,3.762974262237549,7.0910964012146,0.0,0.0,8.027678585343391
87,1770809660.2787418,10,4.714625358581543,6.389256954193115,0.0,0.8521279692649841,7.940421695255563
87,1770809660.2787418,11,7.444145202636719,2.7631499767303467,0.0,0.8521279692649841,7.940421625571541
87,1770809660.2787418,12,-7.986776828765869,3.725623607635498,0.0,0.8521279692649841,8.81299468842926
87,1770809660.2787418,13,-4.68190336227417,7.4665021896362305,0.0,0.8521279692649841,8.812994612588664
87,1770809660.2787418,14,-0.8507594466209412,6.7526936531066895,0.0,-0.8521279692649841,6.8060754630493285
88,1770809660.3742275,0,0.2863132655620575,0.10627498477697372,0.0,0.0,0.305400816020775
88,1770809660.3742275,1,-0.3953849971294403,0.1844368875026703,0.0,0.0,0.436286902653197
88,1770809660.3742275,2,-1.1288923025131226,1.0920116901397705,0.0,0.0,1.570632790334933
88,1770809660.3742275,3,-1.1561602354049683,2.002528190612793,0.0,0.0,2.31232040256765
88,1770809660.3742275,4,-1.259778380393982,3.441480875015259,0.0,0.0,3.664809978812527
88,1770809660.3742275,5,-1.7342402935028076,4.28715705871582,0.0,0.0,4.624641071662274
88,1770809660.3742275,6,-1.4111154079437256,4.8147735595703125,0.0,0.0,5.017299186262821
88,1770809660.3742275,7,3.471207618713379,4.7041778564453125,0.0,0.0,5.846244233461704
88,1770809660.3742275,8,3.3607723712921143,5.359618186950684,0.0,0.0,6.326159817893708
88,1770809660.3742275,9,3.762974262237549,7.0910964012146,0.0,0.0,8.027678585343391
89,1770809660.4803855,0,0.2863132655620575,0.10627498477697372,0.0,0.0,0.305400816020775
89,1770809660.4803855,1,-0.3953849971294403,0.1844368875026703,0.0,0.0,0.436286902653197
89,1770809660.4803855,2,-1.1288923025131226,1.0920116901397705,0.0,0.0,1.570632790334933
89,1770809660.4803855,3,-1.1561602354049683,2.002528190612793,0.0,0.0,2.31232040256765
89,1770809660.4803855,4,-1.259778380393982,3.441480875015259,0.0,0.0,3.664809978812527
89,1770809660.4803855,5,-1.589720368385315,4.34282112121582,0.0,0.0,4.624641190464118
89,1770809660.4803855,6,-1.4111154079437256,4.8147735595703125,0.0,0.0,5.017299186262821
89,1770809660.4803855,7,3.471207618713379,4.7041778564453125,0.0,0.0,5.846244233461704
89,1770809660.4803855,8,3.3607723712921143,5.359618186950684,0.0,0.0,6.326159817893708
89,1770809660.4803855,9,3.762974262237549,7.0910964012146,0.0,0.0,8.027678585343391
89,1770809660.4803855,10,4.818243026733398,6.529679775238037,0.0,0.7303954362869263,8.114935848903409
89,1770809660.4803855,11,1.0143669843673706,8.051288604736328,0.0,0.7303954362869263,8.114936141198623
90,1770809660.5771909,0,0.2863132655620575,0.10627498477697372,0.0,0.0,0.305400816020775
90,1770809660.5771909,1,-0.3953849971294403,0.1844368875026703,0.0,0.0,0.436286902653197
90,1770809660.5771909,2,-1.1288923025131226,1.0920116901397705,0.0,0.0,1.570632790334933
90,1770809660.5771909,3,-1.1561602354049683,2.002528190612793,0.0,0.0,2.31232040256765
90,1770809660.5771909,4,-1.259778380393982,3.441480875015259,0.0,0.0,3.664809978812527
90,1770809660.5771909,5,-1.589720368385315,4.34282112121582,0.0,0.0,4.624641190464118
90,1770809660.5771909,6,-1.4111154079437256,4.8147735595703125,0.0,0.0,5.017299186262821
90,1770809660.5771909,7,3.471207618713379,4.7041778564453125,0.0,0.0,5.846244233461704
90,1770809660.5771909,8,3.3607723712921143,5.359618186950684,0.0,0.0,6.326159817893708
90,1770809660.5771909,9,3.762974262237549,7.0910964012146,0.0,0.0,8.027678585343391
90,1770809660.5771909,10,4.613733768463135,6.781551361083984,0.0,0.7303954362869263,8.202193496210455
90,1770809660.5771909,11,1.0252741575241089,8.137861251831055,0.0,0.7303954362869263,8.202193173300667
91,1770809660.6783552,0,0.2863132655620575,0.10627498477697372,0.0,0.0,0.305400816020775
91,1770809660.6783552,1,-0.3953849971294403,0.1844368875026703,0.0,0.0,0.436286902653197
91,1770809660.6783552,2,-1.1288923025131226,1.0920116901397705,0.0,0.0,1.570632790334933
91,1770809660.6783552,3,-1.1561602354049683,2.002528190612793,0.0,0.0,2.31232040256765
91,1770809660.6783552,4,-1.259778380393982,3.441480875015259,0.0,0.0,3.664809978812527
91,1770809660.6783552,5,-1.589720368385315,4.34282112121582,0.0,0.0,4.624641190464118
91,1770809660.6783552,6,-1.4111154079437256,4.8147735595703125,0.0,0.0,5.017299186262821
91,1770809660.6783552,7,3.471207618713379,4.7041778564453125,0.0,0.0,5.846244233461704
91,1770809660.6783552,8,3.3607723712921143,5.359618186950684,0.0,0.0,6.326159817893708
91,1770809660.6783552,9,3.762974262237549,7.0910964012146,0.0,0.0,8.027678585343391
92,1770809660.7769294,0,0.2863132655620575,0.10627498477697372,0.0,0.0,0.305400816020775
92,1770809660.7769294,1,-0.3953849971294403,0.1844368875026703,0.0,0.0,0.436286902653197
92,1770809660.7769294,2,-1.1288923025131226,1.0920116901397705,0.0,0.0,1.570632790334933
92,1770809660.7769294,3,-1.1561602354049683,2.002528190612793,0.0,0.0,2.31232040256765
92,1770809660.7769294,4,-1.259778380393982,3.441480875015259,0.0,0.0,3.664809978812527
92,1770809660.7769294,5,-1.589720368385315,4.34282112121582,0.0,0.0,4.624641190464118
92,1770809660.7769294,6,-1.4111154079437256,4.8147735595703125,0.0,0.0,5.017299186262821
92,1770809660.7769294,7,3.471207618713379,4.7041778564453125,0.0,0.0,5.846244233461704
92,1770809660.7769294,8,3.3607723712921143,5.359618186950684,0.0,0.0,6.326159817893708
92,1770809660.7769294,9,3.762974262237549,7.0910964012146,0.0,0.0,8.027678585343391
92,1770809660.7769294,10,-1.1316190958023071,7.153408050537109,0.0,-0.9738605618476868,7.242362081218638
92,1770809660.7769294,11,1.5842667818069458,7.066958904266357,0.0,-0.9738605618476868,7.24236214163076
92,1770809660.7769294,12,6.282530784606934,5.5406718254089355,0.0,-0.9738605618476868,8.37670802501879
93,1770809660.878599,0,0.2863132655620575,0.10627498477697372,0.0,0.0,0.305400816020775
93,1770809660.878599,1,-0.3953849971294403,0.1844368875026703,0.0,0.0,0.436286902653197
93,1770809660.878599,2,-1.1288923025131226,1.0920116901397705,0.0,0.0,1.570632790334933
93,1770809660.878599,3,-1.1561602354049683,2.002528190612793,0.0,0.0,2.31232040256765
93,1770809660.878599,4,-1.259778380393982,3.441480875015259,0.0,0.0,3.664809978812527
93,1770809660.878599,5,-1.589720368385315,4.34282112121582,0.0,0.0,4.624641190464118
93,1770809660.878599,6,-1.4111154079437256,4.8147735595703125,0.0,0.0,5.017299186262821
93,1770809660.878599,7,3.471207618713379,4.7041778564453125,0.0,0.0,5.846244233461704
93,1770809660.878599,8,3.3607723712921143,5.359618186950684,0.0,0.0,6.326159817893708
93,1770809660.878599,9,3.762974262237549,7.0910964012146,0.0,0.0,8.027678585343391
93,1770809660.878599,10,-1.14525306224823,7.239593982696533,0.0,-0.9738605618476868,7.329619745313177
94,1770809660.9767478,0,0.2863132655620575,0.10627498477697372,0.0,0.0,0.305400816020775
94,1770809660.9767478,1,-0.3953849971294403,0.1844368875026703,0.0,0.0,0.436286902653197
94,1770809660.9767478,2,-1.1288923025131226,1.0920116901397705,0.0,0.0,1.570632790334933
94,1770809660.9767478,3,-1.1561602354049683,2.002528190612793,0.0,0.0,2.31232040256765
94,1770809660.9767478,4,-1.259778380393982,3.441480875015259,0.0,0.0,3.664809978812527
94,1770809660.9767478,5,-1.589720368385315,4.34282112121582,0.0,0.0,4.624641190464118
94,1770809660.9767478,6,-1.4111154079437256,4.8147735595703125,0.0,0.0,5.017299186262821
94,1770809660.9767478,7,3.471207618713379,4.7041778564453125,0.0,0.0,5.846244233461704
94,1770809660.9767478,8,3.3607723712921143,5.359618186950684,0.0,0.0,6.326159817893708
94,1770809660.9767478,9,3.762974262237549,7.0910964012146,0.0,0.0,8.027678585343391
